index;seqName;clade;Nextclade_pango;partiallyAliased;clade_nextstrain;clade_who;clade_legacy;qc.overallScore;qc.overallStatus;totalSubstitutions;totalDeletions;totalInsertions;totalFrameShifts;totalMissing;totalNonACGTNs;totalAminoacidSubstitutions;totalAminoacidDeletions;totalAminoacidInsertions;totalUnknownAa;alignmentScore;alignmentStart;alignmentEnd;coverage;isReverseComplement;substitutions;deletions;insertions;frameShifts;aaSubstitutions;aaDeletions;aaInsertions
0;OX458355;23B;FU.2;XBB.1.16.1.2;23B;Omicron;23B (Omicron);10.406598;good;96;56;0;0;1171;0;69;13;0;281;89122;1;29903;0.960840049493362;false;A405G
1;IND/2930/2023;22F;XBB.2.3;XBB.2.3;22F;Omicron;22F (Omicron);0.010000;good;90;0;0;0;327;0;62;0;0;121;88914;26;29783;0.984215630538742;false;C44T
2;IMS-10116-CVDP-88333393-399B-4563-A7B1-14DFC5DB3363;21L;CM.8.1.1;BA.2.3.20.8.1.1;21L;Omicron;21L (Omicron);117.495556;bad;95;27;0;0;399;0;70;12;0;0;89226;1;29903;0.9866568571715212;false;C241T
3;IMS-10004-CVDP-63A4C3D8-D0DC-4A57-93D5-BB10D58E8487;22D;DV.1.1;BA.2.75.3.4.1.1.1.1.1.1.1;22D;Omicron;22D (Omicron);3.320950;good;97;53;0;0;779;0;73;12;0;269;87874;345;29827;0.9599036885931176;false;T670G
4;England/QEUH-3267E648/2022;recombinant;XBC.1;XBC.1;recombinant;recombinant;recombinant;2.457833;good;74;33;3;1;626;1;61;11;1;202;89258;1;29903;0.9790322041266762;false;C241T
5;OP958840;23A;XBB.1.5;XBB.1.5;23A;Omicron;23A (Omicron);0;good;92;56;0;0;112;0;65;13;0;47;88820;40;29836;0.992709761562385;false;C241T
6;OP971202;23A;XBB.1.5.13;XBB.1.5.13;23A;Omicron;23A (Omicron);0;good;92;30;0;0;0;0;65;13;0;0;88550;55;29733;0.992509112798047;false;C241T
7;OP955488;23A;XBB.1.5;XBB.1.5;23A;Omicron;23A (Omicron);0;good;90;56;0;0;0;0;65;13;0;0;88585;103;29818;0.9937464468447982;false;C241T
8;OP971186;23A;XBB.1.5.13;XBB.1.5.13;23A;Omicron;23A (Omicron);0;good;92;30;0;0;2;0;64;13;0;2;88550;55;29733;0.992442229876601;false;C241T
9;OP955486;23A;XBB.1.5;XBB.1.5;23A;Omicron;23A (Omicron);1;good;91;56;0;0;0;1;66;13;0;1;88485;136;29819;0.992642878640939;false;C241T
10;OX345943;22F;XBB.3;XBB.3;22F;Omicron;22F (Omicron);0;good;92;56;0;0;90;0;65;13;0;0;89138;1;29903;0.9969902685349296;false;C241T
11;OX339384;22E;BQ.1.1;BA.5.3.1.1.1.1.1.1;22E;Omicron;22E (Omicron);1;good;76;59;0;0;296;1;60;14;0;58;89192;1;29903;0.9900678861652678;false;C241T
12;OP523232;21L;BA.2.3.20;BA.2.3.20;21L;Omicron;21L (Omicron);0;good;88;53;0;0;0;0;67;12;0;0;88792;51;29827;0.9957863759489014;false;C241T
13;OX245426;22B;BE.1.1;BA.5.3.1.1.1;22B;Omicron;22B (Omicron);0;good;72;59;0;0;126;0;55;14;0;0;89208;1;29903;0.9957863759489014;false;C241T
14;OP333110;21L;BH.1;BA.2.38.3.1;21L;Omicron;21L (Omicron);0;good;78;62;0;0;0;0;56;15;0;0;88799;40;29819;0.9958867003310704;false;C44T
15;OP332458;21L;BA.2.10.4;BA.2.10.4;21L;Omicron;21L (Omicron);0;good;77;71;0;0;0;0;57;18;0;0;88774;40;29818;0.9958532588703476;false;C44T
16;OP334332;22D;BM.1.1.1;BA.2.75.3.1.1.1;22D;Omicron;22D (Omicron);0;good;87;53;0;0;0;0;65;12;0;0;88802;40;29818;0.9958532588703476;false;C44T
17;OP339227;22D;BA.2.75.2;BA.2.75.2;22D;Omicron;22D (Omicron);0;good;86;53;0;0;0;0;64;12;0;0;88800;51;29827;0.9957863759489014;false;C241T
18;ON895103;22D;BA.2.75;BA.2.75;22D;Omicron;22D (Omicron);1;good;82;53;0;0;0;1;61;12;0;1;88822;40;29818;0.9958198174096244;false;C44T
19;ON895548;22D;BA.2.75;BA.2.75;22D;Omicron;22D (Omicron);1;good;83;53;0;0;0;1;62;12;0;1;88623;73;29786;0.9936461224626292;false;C241T
20;ON537316;22C;BA.2.12.1;BA.2.12.1;22C;Omicron;22C (Omicron);0;good;74;53;0;0;0;0;54;12;0;0;88470;136;29786;0.9915727518978028;false;C241T
21;ON544943;21L;BA.2;BA.2;21L;Omicron;21L (Omicron);56.250000;mediocre;68;27;0;0;0;0;53;12;0;0;87852;136;29544;0.983479918402836;false;C241T
22;ON629031;21L;BA.2;BA.2;21L;Omicron;21L (Omicron);89.267503;mediocre;57;27;0;0;2851;0;42;12;0;947;89000;51;29827;0.9004447714276159;false;C241T
23;ON626380;21K;BA.1.1;BA.1.1;21K;Omicron;21K (Omicron);14.062500;good;64;39;9;0;0;0;51;16;1;0;88170;136;29667;0.9875932180717654;false;C241T
24;ON627541;22B;BA.5.2;BA.5.2;22B;Omicron;22B (Omicron);17.361111;good;66;59;0;0;209;0;50;14;0;62;89100;31;29889;0.99153931043708;false;C241T
25;ON627543;22B;BA.5.2;BA.5.2;22B;Omicron;22B (Omicron);0;good;69;59;0;0;204;0;52;14;0;62;88953;32;29845;0.9902016520081596;false;C241T
26;ON396327;22A;BA.4.1;BA.4.1;22A;Omicron;22A (Omicron);0;good;72;68;0;0;0;0;53;17;0;0;88805;40;29819;0.9958867003310704;false;C44T
27;ON544567;22A;BA.4.1;BA.4.1;22A;Omicron;22A (Omicron);0;good;73;68;0;0;211;0;55;17;0;74;88510;136;29818;0.9855867304283852;false;C241T
28;ON084447;22C;BA.2.12.1;BA.2.12.1;22C;Omicron;22C (Omicron);0;good;74;53;0;0;0;0;54;12;0;0;88848;51;29827;0.9957863759489014;false;C241T
29;IMS-10182-CVDP-83F89C70-C702-461C-BD64-53FADC5A0601;22B;BA.5.3;BA.5.3;22B;Omicron;22B (Omicron);56.250000;mediocre;71;59;1;1;6;0;52;11;0;799;89205;1;29903;0.999799351235662;false;C44T
30;OV950637 (XL);recombinant;XL;XL;recombinant;recombinant;recombinant;0;good;68;56;0;0;126;0;51;13;0;0;89233;1;29903;0.9957863759489014;false;C241T
31;OV940149 (XF);recombinant;XF;XF;recombinant;recombinant;recombinant;5.037531;good;57;39;9;0;906;0;48;16;1;195;89311;1;29903;0.969702036584958;false;C241T
32;OW018845 (XE);recombinant;XE;XE;recombinant;recombinant;recombinant;1;good;63;56;0;0;126;1;49;13;0;1;89253;1;29903;0.9957529344881784;false;C241T
33;OM990851 (XD);recombinant;XD;XD;recombinant;recombinant;recombinant;0;good;67;16;9;0;79;0;57;5;1;29;88754;101;29802;0.9906363909975588;false;G210T
34;OK016320 (XB);recombinant;XB;XB;recombinant;recombinant;recombinant;6.250000;good;43;14;0;1;0;0;30;5;0;19;89274;31;29866;0.9977594221315588;false;C241T
35;OU219033 (XA);recombinant;XA;XA;recombinant;recombinant;recombinant;1;good;35;10;0;0;121;1;23;3;0;1;89518;1;29903;0.9959201417917934;false;C241T
36;IMS-10004-CVDP-E64B5426-4FB5-4D41-AFEC-77D84720E886;21M;BA.3;BA.3;21M;Omicron;21M (Omicron);6.250000;good;53;62;0;0;0;0;43;15;0;0;88988;31;29840;0.9968899441527606;false;C241T
37;USA/MA-CDCBI-CRSP_URIKNCKBF5674VF4/2021;21L;BA.2.9;BA.2.9;21L;Omicron;21L (Omicron);0;good;70;53;0;0;7;0;51;12;0;0;89104;47;29903;0.9982276025816808;false;C241T
38;CAN/ON-NML-249359/2021;21K;BA.1;BA.1;21K;Omicron;21K (Omicron);0;good;54;39;9;0;11;0;46;16;1;4;88756;55;29768;0.9933117078553992;false;C241T
39;BEL/rega-20174/2021;21K;BA.1;BA.1;21K;Omicron;21K (Omicron);0;good;54;39;9;0;0;0;46;16;1;0;88756;55;29768;0.9936795639233522;false;C241T
40;USA/WA-UW-2181/2020;19A;B;B;19A;;19A;1.562500;good;11;0;0;0;12;0;6;0;0;0;89563;24;29892;0.9984616928067418;false;A31T
41;USA/TX-CDC-ASC210279141/2021;19A;B;B;19A;;19A;190.711248;bad;9;7;17;1;1885;0;5;2;1;874;89431;31;29866;0.9347222686686956;false;C3037T
42;LR991190;20B;B.1.1.214;B.1.1.214;20B;;20B;5648.780466;bad;4;0;0;0;20564;4;4;0;0;6725;89579;39;29903;0.31090526034177174;false;C4158T
43;USA/MD-MDH-0082/2020;19B;A.3;A.3;19B;;19B;0;good;16;0;0;0;0;0;9;0;0;0;89489;1;29851;0.9982610440424038;false;T490A
44;USA/UNKNOWN-UW-1403/2020;19B;A.1;A.1;19B;;19B;0;good;8;17;10;0;0;0;5;0;0;0;89572;15;29903;0.999531819549878;false;C2061T
45;USA/UT-03435/2020;19B;A.1;A.1;19B;;19B;1.161605;good;9;0;0;0;591;0;4;0;0;198;89562;38;29903;0.9789987626659532;false;C8782T
46;Switzerland/BS-UHB-42535085/2021;20A;B.1.36;B.1.36;20A;;20A;8.506944;good;20;1;0;1;214;0;12;1;0;61;89619;1;29903;0.992843527405277;false;C241T
47;Switzerland/SO-ETHZ-531441/2020;20A;B.1.160;B.1.160;20A;;20A;0;good;25;0;0;0;0;0;15;0;0;0;89366;38;29859;0.9972912416814368;false;C241T
48;USA/CO-CDPHE-2007261261/2020;20A;B.1;B.1;20A;;20A;460.546557;bad;10;0;0;0;6088;1;9;0;0;2105;87860;343;29642;0.7762097448416547;false;C2147T
49;Switzerland/BE-ETHZ-630376/2021;20B;B.1.1.318;B.1.1.318;20B;;20B;0;good;28;30;0;0;66;0;18;8;0;1;89477;1;29903;0.9977928635922816;false;C241T
50;USA/AK-PHL8614/2021;20B;B.1.1.519;B.1.1.519;20B;;20B;0.173611;good;29;0;0;0;0;0;16;0;0;0;89392;31;29866;0.9977594221315588;false;T201C
51;USA/AK-PHL8565/2021;20B;B.1.1.519;B.1.1.519;20B;;20B;0.694444;good;30;0;0;0;0;0;16;0;0;0;89388;31;29866;0.9977594221315588;false;T201C
52;USA/CA-CDC-QDX22169637/2021;20C;B.1.311;B.1.311;20C;;20C;21.006944;good;22;0;0;0;0;0;18;0;0;0;89258;55;29836;0.9959535832525164;false;C241T
53;USA/TG278209/2020;20C;B.1;B.1;20C;;20C;12.017778;good;9;0;0;0;1236;0;6;0;0;856;89568;36;29903;0.9574959034210614;false;C241T
54;USA/CO-CDPHE-2003260110/2020;20C;B.1;B.1;20C;;20C;0;good;7;0;0;0;297;0;5;0;0;101;89318;55;29836;0.986021469417784;false;C241T
55;England/MILK-74F4E4/2020;20D;B.1.1.1;B.1.1.1;20D;;20D;4.332565;good;17;0;0;0;862;0;10;0;0;250;89641;1;29903;0.9711734608567704;false;C241T
56;Switzerland/ZH-ETHZ-450502/2021;20D;C.35;B.1.1.1.35;20D;;20D;25;good;23;0;0;0;191;0;14;0;0;64;89416;31;29866;0.9913721031334648;false;C241T
57;England/MILK-516E26/2020;20D;B.1.1.1;B.1.1.1;20D;;20D;0.246310;good;17;0;0;0;434;0;9;0;0;106;89641;1;29903;0.985486406046216;false;C241T
58;Iceland/3124/2020;20E;B.1.177;B.1.177;20E;;20E (EU1);0;good;15;0;0;0;67;0;7;0;0;0;89649;1;29903;0.9977594221315588;false;C241T
59;England/QEUH-AD0825/2020;20E;B.1.177;B.1.177;20E;;20E (EU1);0;good;17;0;0;0;121;0;6;0;0;0;89641;1;29903;0.9959535832525164;false;G204T
60;England/ALDP-1004959/2021;20E;B.1.177;B.1.177;20E;;20E (EU1);6.250000;good;22;0;0;0;121;0;8;0;0;0;89621;1;29903;0.9959535832525164;false;C241T
61;AUS/VIC7772/2020;20F;D.2;B.1.1.25.2;20F;;20F;0;good;16;0;0;0;0;0;7;0;0;0;89372;40;29851;0.9969568270742066;false;C66T
62;AUS/VIC8093/2020;20F;D.2;B.1.1.25.2;20F;;20F;4.340278;good;19;9;0;0;0;0;11;3;0;0;89382;25;29855;0.9975922148279436;false;C241T
63;AUS/VIC10882/2020;20F;D.2;B.1.1.25.2;20F;;20F;0;good;18;0;0;0;0;0;9;0;0;0;89370;39;29852;0.9970237099956526;false;C241T
64;USA/MA-MASPHL-01933/2021;20G;B.1.2;B.1.2;20G;;20G;108.537246;bad;25;0;0;0;347;0;16;0;0;57;89495;39;29903;0.9871250376216432;false;C241T
65;USA/FL-CDC-QDX22678176/2021;20G;B.1.2;B.1.2;20G;;20G;0.173611;good;22;0;0;0;145;0;16;0;0;49;89258;55;29836;0.9911045714476808;false;C241T
66;USA/F57FCBBEAA9D4211B7F162FE6C1B1D7F/2021;20G;B.1.2;B.1.2;20G;;20G;14.062500;good;24;0;0;0;0;0;17;0;0;0;88830;26;29667;0.991271778751296;false;C241T
67;OU205023;20H;B.1.351;B.1.351;20H;Beta;20H (Beta
68;SYC/G38725/2021;20H;B.1.351;B.1.351;20H;Beta;20H (Beta
69;OU361297;20H;B.1.351;B.1.351;20H;Beta;20H (Beta
70;USA/MA-CDCBI-CRSP_EFLUYAQE2ICW2C6E/2021;20I;B.1.1.7;B.1.1.7;20I;Alpha;20I (Alpha
71;OU221273;20I;B.1.1.7;B.1.1.7;20I;Alpha;20I (Alpha
72;Scotland/QEUH-14E640D/2021;20I;B.1.1.7;B.1.1.7;20I;Alpha;20I (Alpha
73;USA/AK-PHL9083/2021;20J;P.1;B.1.1.28.1;20J;Gamma;20J (Gamma
74;USA/NJ-PHEL-21-12068/2021;20J;P.1.10;B.1.1.28.1.10;20J;Gamma;20J (Gamma
75;USA/MA-CDCBI-CRSP_NPPKJNMG7V6OAGRW/2021;20J;P.1;B.1.1.28.1;20J;Gamma;20J (Gamma
76;USA/AK-PHL10845/2021;21A;AY.54;B.1.617.2.54;21A;Delta;21A (Delta);0;good;34;13;0;0;218;0;26;4;0;73;89222;31;29836;0.9894659398722536;false;C193T
77;USA/FL-CDC-LC0099490/2021;21A;AY.54;B.1.617.2.54;21A;Delta;21A (Delta);0.003086;good;38;13;0;0;315;0;27;4;0;105;89125;40;29818;0.9853191987426012;false;C193T
78;IND/GBRC640a/2021;21A;B.1.617.2;B.1.617.2;21A;Delta;21A (Delta);0;good;34;13;0;0;0;0;29;4;0;0;89231;51;29859;0.9968565026920376;false;G210T
79;USA/IL-CDC-LC0060638/2021;21B;B.1.617.1;B.1.617.1;21B;Kappa;21B (Kappa);126.562500;bad;36;1;0;0;0;0;27;0;0;0;88992;54;29768;0.9937130053840753;false;G210T
80;IND/CWS_0018_47303313/2021;21B;B.1.617.1;B.1.617.1;21B;Kappa;21B (Kappa);15.062500;good;31;0;0;0;113;1;22;0;0;40;89384;28;29863;0.9939470956091362;false;G210T
81;England/CAMC-13B81A4/2021;21B;B.1.617.1;B.1.617.1;21B;Kappa;21B (Kappa);25.175158;good;30;1;0;0;413;0;21;0;0;98;89580;1;29903;0.9861886767213992;false;G210T
82;USA/WA-S5413/2021;21C;B.1.427;B.1.427;21C;Epsilon;21C (Epsilon);107.098357;bad;26;0;0;0;1792;0;16;0;0;612;88822;39;29680;0.931344681135672;false;C241T
83;USA/CA-CDC-QDX21613057/2021;21C;B.1.429;B.1.429;21C;Epsilon;21C (Epsilon);17.361111;good;26;0;0;0;0;0;13;0;0;0;89242;55;29836;0.9959535832525164;false;C241T
84;USA/ID-CDC-ASC210011921/2021;21C;B.1.429;B.1.429;21C;Epsilon;21C (Epsilon);9.733296;good;29;0;0;0;599;0;15;0;0;200;89473;38;29900;0.9786309065980002;false;C241T
85;USA/VA-CDC-LC0067096/2021;21D;B.1.525;B.1.525;21D;Eta;21D (Eta);426.290209;bad;29;21;0;0;1130;0;15;7;0;421;86042;793;29542;0.923653145169381;false;G2659A
86;OU149858;21D;B.1.525;B.1.525;21D;Eta;21D (Eta);2.777778;good;33;24;0;0;99;0;19;8;0;33;88379;55;29594;0.984550045145972;false;C241T
87;USA/VA-CDC-LC0051792/2021;21D;B.1.525;B.1.525;21D;Eta;21D (Eta);112.177298;bad;28;24;0;0;2065;0;16;8;0;690;88918;55;29767;0.9245895060696252;false;C241T
88;BHR/30005866/2021;21E;P.3;B.1.1.28.3;21E;Theta;21E (Theta);1741.052894;bad;16;9;0;0;11566;0;11;3;0;3905;88480;331;29856;0.6006086345851587;false;C3037T
89;USA/NJ-CDC-LC0084532/2021;21E;P.3;B.1.1.28.3;21E;Theta;21E (Theta);250.694444;bad;43;19;0;0;0;0;31;6;0;0;89091;40;29819;0.9958867003310704;false;C241T
90;England/CAMC-139B57E/2021;21E;P.3;B.1.1.28.3;21E;Theta;21E (Theta);6.250000;good;33;16;0;0;248;0;20;5;0;43;89509;1;29903;0.991706517740695;false;C241T
91;USA/CA-CDPH-3000131458/2021;21F;B.1.526;B.1.526;21F;Iota;21F (Iota);57.488851;mediocre;24;10;0;0;1459;0;18;3;0;497;89408;55;29903;0.9494030699260944;false;A143G
92;USA/NC-CDC-STM-000073018/2021;21F;B.1.526;B.1.526;21F;Iota;21F (Iota);84.027778;mediocre;29;10;0;0;0;0;20;3;0;0;89319;36;29861;0.9974250075243286;false;C140T
93;USA/NC-CDC-LC0050688/2021;21F;B.1.526;B.1.526;21F;Iota;21F (Iota);245.348563;bad;29;10;0;0;1048;0;22;3;0;350;88980;55;29767;0.9585994716249204;false;C241T
94;USA/FL-CDC-LC0065484/2021;21G;C.37.1;B.1.1.1.37.1;21G;Lambda;21G (Lambda);34.027778;mediocre;37;30;0;0;0;0;23;10;0;0;89087;40;29819;0.9958867003310704;false;C241T
95;OU517038;21G;C.37;B.1.1.1.37;21G;Lambda;21G (Lambda);8.506944;good;35;30;0;0;0;0;23;10;0;0;89230;36;29860;0.9973915660636056;false;C241T
96;USA/MA-CDCBI-CRSP_6XNVDTWZVHP437HT/2021;21G;C.37.1;B.1.1.1.37.1;21G;Lambda;21G (Lambda);1.161605;good;32;30;0;0;591;0;20;10;0;203;89314;55;29903;0.9784302578336622;false;C241T
97;USA/CA-CDC-FG-042304/2021;21H;B.1.621;B.1.621;21H;Mu;21H (Mu);0.010000;good;32;5;3;1;327;0;23;2;1;139;89276;38;29850;0.9860549108785072;false;C241T
98;USA/AZ-CDC-LC0166866/2021;21H;B.1.621;B.1.621;21H;Mu;21H (Mu);4.340278;good;36;4;3;1;0;0;25;2;1;19;89068;73;29818;0.9947496906664884;false;C241T
99;USA/KS-CDC-2-4449463/2021;21H;B.1.621;B.1.621;21H;Mu;21H (Mu);256.173611;bad;35;4;3;1;0;16;23;2;1;35;89276;57;29870;0.9964886466240844;false;C241T
100;USA/FL-CDC-ASC210078123/2021;21I;AY.47;B.1.617.2.47;21I;Delta;21I (Delta);0;good;32;13;0;0;0;0;27;4;0;0;89320;31;29866;0.9977594221315588;false;G210T
101;OU570677;21I;AY.68;B.1.617.2.68;21I;Delta;21I (Delta);13.439561;good;39;7;0;0;712;0;26;2;0;242;89318;31;29866;0.9739491020967797;false;G105T
102;USA/MA-CDCBI-CRSP_M2WXUWBLS72TQFUR/2021;21I;AY.26;B.1.617.2.26;21I;Delta;21I (Delta);43.023882;mediocre;33;22;0;0;2071;0;27;7;0;677;89345;47;29903;0.9292044276493996;false;G210T
103;USA/OKPHLCOV0000666/2021;21J;AY.3;B.1.617.2.3;21J;Delta;21J (Delta);0.001111;good;38;13;0;0;309;0;29;4;0;108;88621;55;29665;0.9799016821054743;false;G210T
104;USA/MA-CDCBI-CRSP_S637QBAELKOECBRG/2021;21J;AY.25;B.1.617.2.25;21J;Delta;21J (Delta);23.473008;good;44;13;0;0;724;0;34;4;0;244;89335;47;29903;0.9742500752432868;false;G210T
105;USA/NY-CDC-LC0344242/2021;21J;AY.3;B.1.617.2.3;21J;Delta;21J (Delta);0;good;39;13;0;0;0;0;32;4;0;0;88569;73;29667;0.9897000300973148;false;G210T
106;USA/VA-CDC-ASC210374497/2021;21J;AY.44;B.1.617.2.44;21J;Delta;21J (Delta);11.111111;good;40;87;0;1;157;0;29;29;0;101;89059;31;29866;0.992509112798047;false;G210T
107;Scotland/QEUH-27B5322/2021;21J;AY.4;B.1.617.2.4;21J;Delta;21J (Delta);26.361111;good;46;77;0;1;126;3;30;26;0;48;89266;1;29903;0.9956860515667324;false;G127T
108;USA/TX-CDC-ASC210376640/2021;21J;AY.25;B.1.617.2.25;21J;Delta;21J (Delta);11.111111;good;39;95;0;1;299;0;28;32;0;160;89039;31;29866;0.9877604253753804;false;G210T
109;USA/MN-CDC-LC0334883/2021;21J;AY.83;B.1.617.2.83;21J;Delta;21J (Delta);11.111111;good;41;52;0;0;0;0;34;17;0;0;88893;73;29819;0.9947831321272114;false;G210T
110;USA/DC-CDC-LC0331077/2021;21J;AY.120.1;B.1.617.2.120.1;21J;Delta;21J (Delta);1.562500;good;46;40;0;0;0;0;34;13;0;0;89005;40;29818;0.9958532588703476;false;G210T
111;OU150047;20I;B.1.1.7;B.1.1.7;20I;Alpha;20I (Alpha
112;OU187687;20I;B.1.1.7;B.1.1.7;20I;Alpha;20I (Alpha
113;OU149610;20I;B.1.1.7;B.1.1.7;20I;Alpha;20I (Alpha
114;OU125106;20I;B.1.1.7;B.1.1.7;20I;Alpha;20I (Alpha
115;USA/AR-CDC-ASC210377904/2021;20A;B.1.240;B.1.240;20A;;20A;1384.027778;bad;65;1;0;0;5;0;21;0;0;0;89239;31;29866;0.9975922148279436;false;C241T
116;USA/NJ-CDC-ASC210001462/2021;21F;B.1.526;B.1.526;21F;Iota;21F (Iota);201.704475;bad;27;33;0;0;1260;0;19;3;0;403;89360;39;29900;0.9564926595993714;false;C241T
117;USA/FL-CDC-ASC210334485/2021;21J;AY.3;B.1.617.2.3;21J;Delta;21J (Delta);21.006944;good;39;13;0;0;24;0;28;4;0;0;89292;31;29866;0.9969568270742066;false;G210T
118;USA/MA-CDCBI-CRSP_MLUB7OEWDYUWSKGQ/2021;21J;AY.122;B.1.617.2.122;21J;Delta;21J (Delta);0;good;37;24;0;1;83;0;30;8;0;80;89323;47;29903;0.9956860515667324;false;G210T
119;USA/CO-CDC-MMB10752210/2021;21J;AY.107;B.1.617.2.107;21J;Delta;21J (Delta);47.070744;mediocre;38;57;0;1;2149;0;30;20;0;792;89048;43;29842;0.924689830451794;false;G210T
120;England/ALDP-20A77A6/2021;21J;AY.4;B.1.617.2.4;21J;Delta;21J (Delta);1.173611;good;43;13;0;0;121;1;37;4;0;1;89477;1;29903;0.9959201417917934;false;G210T
121;USA/CO-CDC-ASC210309969/2021;21J;AY.103;B.1.617.2.103;21J;Delta;21J (Delta);0.173611;good;40;13;0;0;0;0;33;4;0;0;89228;39;29854;0.9970905929170988;false;G210T
122;England/MILK-2759487/2021;21J;AY.6;B.1.617.2.6;21J;Delta;21J (Delta);3.777778;good;43;13;0;0;121;1;38;4;0;1;89477;1;29903;0.9959201417917934;false;G210T
123;USA/RI-CDCBI-CRSP_EVAFDCVZGQ4NYXIQ/2021;21J;AY.103;B.1.617.2.103;21J;Delta;21J (Delta);11.111111;good;44;13;0;0;0;0;36;4;0;0;89428;16;29903;0.999498378089155;false;G210T
124;USA/CA-CDC-FG-161774/2021;21J;AY.39.1;B.1.617.2.39.1;21J;Delta;21J (Delta);44.444444;mediocre;45;13;0;0;56;0;34;4;0;20;89262;17;29850;0.9958198174096244;false;G210T
125;USA/MA-CDCBI-CRSP_6WUXOVDJ3B5G2RNQ/2021;21J;AY.103;B.1.617.2.103;21J;Delta;21J (Delta);0;good;40;13;0;0;0;0;32;4;0;0;89351;47;29903;0.9984616928067418;false;G210T
126;OU819939;21J;AY.43;B.1.617.2.43;21J;Delta;21J (Delta);17.300278;good;38;19;0;0;1272;0;31;6;0;398;89473;1;29903;0.9574624619603384;false;G210T
