SampleID,Status,Site,Metadata_Status,Soil_temperature,Air_temperature,Weight,LineA,Lineage,Plate,position,Description,PD_whole_tree_alpha,PD_whole_tree_normalized_alpha,chao1_alpha,chao1_normalized_alpha,observed_species_alpha,observed_species_normalized_alpha,shannon_alpha,shannon_normalized_alpha,Al_soil,P_soil,S_soil,Ca_soil,Ti_soil,V_soil,Cr_soil,Mn_soil,Fe_soil,Co_soil,Ni_soil,Cu_soil,Zn_soil,As_soil,Se_soil,Mo_soil,Cd_soil,Sb_soil,Ba_soil,Hg_soil,Pb_soil,pH_soil,moi_soil,OC_soil,SampNo_metal,Al_tissue,Mn_tissue,Fe_tissue,Co_tissue,Ni_tissue,Cu_tissue,Zn_tissue,Se_tissue,Sr_tissue,Mo_tissue,Cd_tissue,Sb_tissue,Pb_tissue,Hg_tissue,Cr_tissue,As_tissue
s001,Polluted,DGC,OK,12.5,13.5,0.6,A,A3,P1,C1,DGC_polluted_s001,3.01788,0,111,0.002066286,34,0,0.084504533,0,4.181843588,2.456366033,3.204119983,3.530199698,1.612783857,1.58546073,1.250420002,2.784617293,4.900913068,1.369215857,1.372912003,3.416640507,2.421603927,3.795880017,0.408239965,0.079181246,-0.66756154,1.117271296,1.648360011,-0.127261173,2.305351369,5.3,45.41,29.69,EK31606,374,34.7,2330,1.36,0.627,31,59.1,0.715,2.37,0.114,0.594,0.95,9.11,0.216,0.762,300
s002,Polluted,DGC,OK,12.5,13.5,0.8,A,A3,P1,D1,DGC_polluted_s002,34.63517,0.440863274,1209.222222,0.331472346,868,0.34448575,3.213582089,0.338030128,4.181843588,2.456366033,3.204119983,3.530199698,1.612783857,1.58546073,1.250420002,2.784617293,4.900913068,1.369215857,1.372912003,3.416640507,2.421603927,3.795880017,0.408239965,0.079181246,-0.66756154,1.117271296,1.648360011,-0.127261173,2.305351369,5.3,45.41,29.69,EK31607,241,39.9,999,1.05,0.613,42.6,51,0.456,2.23,0.083,0.234,0.414,5.2,0.248,0.444,223
s003,Polluted,DGC,wrong sp.,12.5,13.5,0.93,NA,NA,P1,G1,DGC_polluted_s003,41.48704,0.536403968,1548.235294,0.433157558,1130,0.452705494,7.45165147,0.795863183,4.181843588,2.456366033,3.204119983,3.530199698,1.612783857,1.58546073,1.250420002,2.784617293,4.900913068,1.369215857,1.372912003,3.416640507,2.421603927,3.795880017,0.408239965,0.079181246,-0.66756154,1.117271296,1.648360011,-0.127261173,2.305351369,5.3,45.41,29.69,EK31610,406,30.1,2660,1.41,0.996,53.5,77.7,0.652,3.29,0.164,0.617,0.802,14,0.197,0.784,213
s004,Polluted,DGC,OK,12.5,13.5,0.82,A,A3,P1,B2,DGC_polluted_s004,11.35531,0.116254957,330,0.067754201,156,0.0503924,2.267960485,0.235875871,4.181843588,2.456366033,3.204119983,3.530199698,1.612783857,1.58546073,1.250420002,2.784617293,4.900913068,1.369215857,1.372912003,3.416640507,2.421603927,3.795880017,0.408239965,0.079181246,-0.66756154,1.117271296,1.648360011,-0.127261173,2.305351369,5.3,45.41,29.69,EK31613,20.8,50.2,156,0.16,0.025,2.55,63.6,0.109,2.49,0.074,0.172,0.322,1.14,0.248,0.18,41.8
s006,Polluted,DGC,OK,12.5,13.5,0.76,A,A3,P1,F2,DGC_polluted_s006,23.242,0.281999873,831.6395349,0.218218377,536,0.207352334,3.964977374,0.419202371,4.181843588,2.456366033,3.204119983,3.530199698,1.612783857,1.58546073,1.250420002,2.784617293,4.900913068,1.369215857,1.372912003,3.416640507,2.421603927,3.795880017,0.408239965,0.079181246,-0.66756154,1.117271296,1.648360011,-0.127261173,2.305351369,5.3,45.41,29.69,EK31617,26.7,45.5,198,0.147,0.022,3.46,61,0.097,2.01,0.066,0.2,0.288,1.03,0.221,0.146,88.8
s007,Polluted,DGC,OK,12.5,13.5,0.63,A,NA,P1,G2,DGC_polluted_s007,24.20985,0.295495321,884.5697674,0.234094526,607,0.236679058,4.096670543,0.433429011,4.181843588,2.456366033,3.204119983,3.530199698,1.612783857,1.58546073,1.250420002,2.784617293,4.900913068,1.369215857,1.372912003,3.416640507,2.421603927,3.795880017,0.408239965,0.079181246,-0.66756154,1.117271296,1.648360011,-0.127261173,2.305351369,5.3,45.41,29.69,EK31618,37.8,64.5,329,0.187,0.022,4.35,68.5,0.207,2.87,0.065,0.244,0.283,4.26,0.217,0.133,52.3
s008,Polluted,DGC,OK,12.5,13.5,1.26,B,NA,P1,A3,DGC_polluted_s008,24.40949,0.29827905,969.5833333,0.259593904,635,0.248244527,4.676952236,0.496116078,4.181843588,2.456366033,3.204119983,3.530199698,1.612783857,1.58546073,1.250420002,2.784617293,4.900913068,1.369215857,1.372912003,3.416640507,2.421603927,3.795880017,0.408239965,0.079181246,-0.66756154,1.117271296,1.648360011,-0.127261173,2.305351369,5.3,45.41,29.69,EK31620,28,61.2,235,0.169,0.061,5.77,68.9,0.112,2.24,0.06,0.246,0.211,4.89,0.162,0.269,58.9
s009,Polluted,DGC,OK,12.5,13.5,0.54,A,A3,P1,B3,DGC_polluted_s009,3.70939,0.009642236,104.1111111,0,68,0.014043784,1.602665897,0.164004973,4.181843588,2.456366033,3.204119983,3.530199698,1.612783857,1.58546073,1.250420002,2.784617293,4.900913068,1.369215857,1.372912003,3.416640507,2.421603927,3.795880017,0.408239965,0.079181246,-0.66756154,1.117271296,1.648360011,-0.127261173,2.305351369,5.3,45.41,29.69,EK31704,36.9,38.6,230,0.196,0.178,5.13,88.9,0.599,2.37,0.088,0.445,0.361,2.14,0.278,0.214,73.4
s010,Polluted,DGC,OK,12.5,13.5,0.62,B,NA,P1,C3,DGC_polluted_s010,22.75209,0.275168695,708.3970588,0.181252436,507,0.195373812,4.450981273,0.471704733,4.181843588,2.456366033,3.204119983,3.530199698,1.612783857,1.58546073,1.250420002,2.784617293,4.900913068,1.369215857,1.372912003,3.416640507,2.421603927,3.795880017,0.408239965,0.079181246,-0.66756154,1.117271296,1.648360011,-0.127261173,2.305351369,5.3,45.41,29.69,EK31705,55.5,14.3,128,0.222,0.14,5.2,111,0.658,1.84,0.067,0.447,0.29,26.4,0.223,0.3,118
s011,Polluted,DGC,OK,12.5,13.5,0.53,A,NA,P1,D3,DGC_polluted_s011,37.49438,0.480731355,1288,0.355101332,961,0.382899628,6.237474464,0.66469724,4.181843588,2.456366033,3.204119983,3.530199698,1.612783857,1.58546073,1.250420002,2.784617293,4.900913068,1.369215857,1.372912003,3.416640507,2.421603927,3.795880017,0.408239965,0.079181246,-0.66756154,1.117271296,1.648360011,-0.127261173,2.305351369,5.3,45.41,29.69,EK31706,82.1,59.9,590,0.137,0.14,9.02,37.4,0.308,1.98,0.089,0.221,0.387,2.46,0.298,0.209,103
s012,Control,DGC,OK,19.5,12.7,0.97,A,A3,P1,F3,DGC_control_s012,47.07418,0.614309596,1906.814286,0.540711467,1296,0.521272202,5.274616963,0.560681012,4.334453751,3.06069784,2.878521796,3.227886705,1.579783597,1.596597096,1.505149978,2.754348336,4.675778342,1.204119983,1.383815366,2.004321374,2.103803721,2.506505032,0.29666519,0.041392685,-0.764471553,0.149219113,1.656098202,-1.173925197,1.847572659,5.49,36.13,17.2,EK31708,876,42,1460,0.946,1.35,3.88,88.5,0.568,2.81,0.147,0.551,0.637,3.5,0.49,1.27,7.72
s013,Control,DGC,partial,19.5,12.7,0.64,A,A3,P1,G3,DGC_control_s013,47.86484,0.625334353,1860.926829,0.526947763,1321,0.531598513,7.909318577,0.845304358,4.334453751,3.06069784,2.878521796,3.227886705,1.579783597,1.596597096,1.505149978,2.754348336,4.675778342,1.204119983,1.383815366,2.004321374,2.103803721,2.506505032,0.29666519,0.041392685,-0.764471553,0.149219113,1.656098202,-1.173925197,1.847572659,5.49,36.13,17.2,0,0,0,0,0,0,0,0,0,0,0,0,0,0,0,0,0
s014,Control,DGC,OK,19.5,12.7,0.63,A,A3,P1,A4,DGC_control_s014,10.76185,0.107979905,261.5,0.047207981,143,0.045022718,0.755993904,0.072540113,4.334453751,3.06069784,2.878521796,3.227886705,1.579783597,1.596597096,1.505149978,2.754348336,4.675778342,1.204119983,1.383815366,2.004321374,2.103803721,2.506505032,0.29666519,0.041392685,-0.764471553,0.149219113,1.656098202,-1.173925197,1.847572659,5.49,36.13,17.2,EK31709,330,32.2,494,0.494,0.469,3.39,61.7,0.494,1.81,0.121,0.625,0.524,1.26,0.403,0.545,9.55
s015,Control,DGC,OK,19.5,12.7,0.81,A,A3,P1,B4,DGC_control_s015,52.20573,0.685862595,1926.851064,0.546721395,1319,0.530772408,5.569603009,0.592547966,4.334453751,3.06069784,2.878521796,3.227886705,1.579783597,1.596597096,1.505149978,2.754348336,4.675778342,1.204119983,1.383815366,2.004321374,2.103803721,2.506505032,0.29666519,0.041392685,-0.764471553,0.149219113,1.656098202,-1.173925197,1.847572659,5.49,36.13,17.2,EK31710,90.5,24,149,0.325,0.259,6.12,50.9,0.177,2.4,0.126,0.69,0.524,0.496,0.403,0.376,4.35
s017,Control,DGC,OK,19.5,12.7,0.63,A,A3,P1,D4,DGC_control_s017,49.01582,0.641383319,1795,0.507173352,1326,0.533663775,6.746314387,0.719666547,4.334453751,3.06069784,2.878521796,3.227886705,1.579783597,1.596597096,1.505149978,2.754348336,4.675778342,1.204119983,1.383815366,2.004321374,2.103803721,2.506505032,0.29666519,0.041392685,-0.764471553,0.149219113,1.656098202,-1.173925197,1.847572659,5.49,36.13,17.2,EK31712,124,25.7,160,0.274,0.286,2.93,45.1,0.351,2.86,0.088,0.879,0.369,0.446,0.284,0.292,3.41
s019,Control,DGC,OK,19.5,12.7,0.74,A,A3,P1,A5,DGC_control_s019,43.05548,0.558273888,1264.546392,0.348066544,924,0.367616687,3.436918123,0.362156826,4.334453751,3.06069784,2.878521796,3.227886705,1.579783597,1.596597096,1.505149978,2.754348336,4.675778342,1.204119983,1.383815366,2.004321374,2.103803721,2.506505032,0.29666519,0.041392685,-0.764471553,0.149219113,1.656098202,-1.173925197,1.847572659,5.49,36.13,17.2,EK31717,367,26,566,0.368,0.468,2.86,25,0.212,2.29,0.144,0.129,0.625,1.66,0.481,0.766,3.41
s021,Polluted,PTB,OK,11.5,12.6,0.88,A,A3,P1,C6,PTB_polluted_s021,50.55357,0.662825306,2204.537037,0.630011862,1561,0.630731103,6.706527623,0.715368435,3.994756945,3.096910013,3.164352856,4.948412966,2.385606274,2.123851641,2.068185862,3.551449998,4.536558443,0.672097858,1.23299611,1.499687083,2.582063363,1.176091259,0.06069784,0.212187604,-0.109578981,0.120573931,2.463892989,-0.173925197,2.093421685,5.97,25.57,15.13,EK31810,851,189,1790,0.375,1.43,9.15,110,0.78,9.37,0.283,1.16,0.739,16.4,0.568,7.25,1.02
s022,Polluted,PTB,OK,11.5,12.6,0.7,A,A3,P1,F6,PTB_polluted_s022,44.14533,0.573470473,2005.290837,0.570248998,1375,0.553903346,6.022244912,0.641446275,3.994756945,3.096910013,3.164352856,4.948412966,2.385606274,2.123851641,2.068185862,3.551449998,4.536558443,0.672097858,1.23299611,1.499687083,2.582063363,1.176091259,0.06069784,0.212187604,-0.109578981,0.120573931,2.463892989,-0.173925197,2.093421685,5.97,25.57,15.13,EK31813,276,106,877,0.149,0.427,2.08,30.1,0.136,3.71,0.093,0.444,0.401,3.25,0.309,4.6,0.548
s023,Polluted,PTB,OK,11.5,12.6,0.42,A,A3,P1,A7,PTB_polluted_s023,54.87854,0.723131563,2307.620209,0.660931125,1793,0.726559273,7.894901105,0.843746857,3.994756945,3.096910013,3.164352856,4.948412966,2.385606274,2.123851641,2.068185862,3.551449998,4.536558443,0.672097858,1.23299611,1.499687083,2.582063363,1.176091259,0.06069784,0.212187604,-0.109578981,0.120573931,2.463892989,-0.173925197,2.093421685,5.97,25.57,15.13,EK31816,938,222,2020,0.394,1.73,6.71,137,0.623,10.8,0.237,0.812,0.677,12.6,0.521,6.55,2.7
s024,Polluted,PTB,OK,11.5,12.6,0.4,A,A3,P1,B7,PTB_polluted_s024,47.47674,0.619922788,1905.640288,0.540359333,1539,0.621643949,7.15695026,0.764026999,3.994756945,3.096910013,3.164352856,4.948412966,2.385606274,2.123851641,2.068185862,3.551449998,4.536558443,0.672097858,1.23299611,1.499687083,2.582063363,1.176091259,0.06069784,0.212187604,-0.109578981,0.120573931,2.463892989,-0.173925197,2.093421685,5.97,25.57,15.13,EK31817,1220,291,4730,0.823,2.86,15.2,101,0.805,15.6,0.357,0.721,0.516,24.3,0.397,14.7,2.33
s025,Polluted,PTB,OK,11.5,12.6,0.65,A,A3,P1,C7,PTB_polluted_s025,47.44192,0.619437267,1693.687023,0.47678505,1489,0.600991326,6.469454097,0.689757694,3.994756945,3.096910013,3.164352856,4.948412966,2.385606274,2.123851641,2.068185862,3.551449998,4.536558443,0.672097858,1.23299611,1.499687083,2.582063363,1.176091259,0.06069784,0.212187604,-0.109578981,0.120573931,2.463892989,-0.173925197,2.093421685,5.97,25.57,15.13,EK31818,1130,299,3000,0.632,2.34,10,175,0.697,10.7,0.378,0.723,0.613,24.1,0.472,8.65,2.05
s026,Polluted,PTB,OK,11.5,12.6,0.43,A,A3,P1,E7,PTB_polluted_s026,48.95802,0.640577371,1874.356828,0.530976021,1572,0.63527468,8.706886105,0.931464528,3.994756945,3.096910013,3.164352856,4.948412966,2.385606274,2.123851641,2.068185862,3.551449998,4.536558443,0.672097858,1.23299611,1.499687083,2.582063363,1.176091259,0.06069784,0.212187604,-0.109578981,0.120573931,2.463892989,-0.173925197,2.093421685,5.97,25.57,15.13,EK31820,717,152,1660,0.312,1.2,5.99,77.2,0.448,8.37,0.306,0.484,0.198,13.6,0.152,6.99,0.722
s027,Polluted,PTB,wrong sp.,11.5,12.6,0.7,NA,NA,P1,G7,PTB_polluted_s027,53.31511,0.701331502,2476.811644,0.711679218,1707,0.691036762,7.536745003,0.805055725,3.994756945,3.096910013,3.164352856,4.948412966,2.385606274,2.123851641,2.068185862,3.551449998,4.536558443,0.672097858,1.23299611,1.499687083,2.582063363,1.176091259,0.06069784,0.212187604,-0.109578981,0.120573931,2.463892989,-0.173925197,2.093421685,5.97,25.57,15.13,EK31905,2290,231,1810,0.39,0.178,10.7,81.7,0.776,7.03,0.253,1.32,0.65,15.2,0.5,12.6,1.14
s030,Polluted,PTB,Partial,11.5,12.6,NA,A,A3,P1,D8,PTB_polluted_s030,54.32192,0.715370199,2612.692308,0.752435919,1850,0.750103263,8.602265344,0.920162485,3.994756945,3.096910013,3.164352856,4.948412966,2.385606274,2.123851641,2.068185862,3.551449998,4.536558443,0.672097858,1.23299611,1.499687083,2.582063363,1.176091259,0.06069784,0.212187604,-0.109578981,0.120573931,2.463892989,-0.173925197,2.093421685,5.97,25.57,15.13,NA,NA,NA,NA,NA,NA,NA,NA,NA,NA,NA,NA,NA,NA,NA,NA,NA
s033,Control,PTB,OK,9.6,10.1,0.63,A,A3,P1,G8,PTB_control_s033,65.31087,0.868597261,2606.747851,0.75065291,2171,0.882693102,9.341305318,1,4.181843588,3.139879086,3.053078443,4.041392685,1.167317335,1.830588669,1.595496222,3.123851641,4.515873844,1.075546961,1.230448921,1.531478917,2.426511261,1.161368002,0.064457989,-0.025949097,-0.276544328,-0.117475462,2.064457989,-0.501689446,1.597695186,6.26,44.28,18.08,EK31913,716,67.4,408,0.192,0.049,3.44,68.2,1.13,9.63,0.147,0.518,0.637,0.754,0.49,1.14,0.463
s034,Control,PTB,OK,9.6,10.1,0.78,B,B1,P1,C9,PTB_control_s034,39.90262,0.514311227,1318.614865,0.364284102,1115,0.446509707,6.78831726,0.724204062,4.181843588,3.139879086,3.053078443,4.041392685,1.167317335,1.830588669,1.595496222,3.123851641,4.515873844,1.075546961,1.230448921,1.531478917,2.426511261,1.161368002,0.064457989,-0.025949097,-0.276544328,-0.117475462,2.064457989,-0.501689446,1.597695186,6.26,44.28,18.08,EK31917,233,31.4,264,0.188,0.044,1.25,64.8,0.276,7.3,0.132,0.825,0.57,0.477,0.439,0.467,0.274
s035,Control,PTB,OK,9.6,10.1,0.54,A,A1,P1,A10,PTB_control_s035,58.94875,0.779885514,2357.53268,0.675902112,1835,0.743907476,8.001037029,0.855212581,4.181843588,3.139879086,3.053078443,4.041392685,1.167317335,1.830588669,1.595496222,3.123851641,4.515873844,1.075546961,1.230448921,1.531478917,2.426511261,1.161368002,0.064457989,-0.025949097,-0.276544328,-0.117475462,2.064457989,-0.501689446,1.597695186,6.26,44.28,18.08,EK32006,649,76.1,945,0.457,0.051,5.46,219,0.571,6.62,0.153,0.379,0.663,1.93,0.51,1.59,0.673
s036,Control,PTB,Partial,9.6,10.1,NA,A,A3,P1,B10,PTB_control_s036,28.19921,0.35112192,1119.03125,0.304420032,740,0.291615035,5.215750256,0.554321719,4.181843588,3.139879086,3.053078443,4.041392685,1.167317335,1.830588669,1.595496222,3.123851641,4.515873844,1.075546961,1.230448921,1.531478917,2.426511261,1.161368002,0.064457989,-0.025949097,-0.276544328,-0.117475462,2.064457989,-0.501689446,1.597695186,6.26,44.28,18.08,NA,NA,NA,NA,NA,NA,NA,NA,NA,NA,NA,NA,NA,NA,NA,NA,NA
s037,Control,PTB,OK,9.6,10.1,0.62,A,A3,P1,C10,PTB_control_s037,54.52541,0.71820761,2089.661871,0.595555652,1791,0.725733168,8.772869411,0.938592617,4.181843588,3.139879086,3.053078443,4.041392685,1.167317335,1.830588669,1.595496222,3.123851641,4.515873844,1.075546961,1.230448921,1.531478917,2.426511261,1.161368002,0.064457989,-0.025949097,-0.276544328,-0.117475462,2.064457989,-0.501689446,1.597695186,6.26,44.28,18.08,EK32008,890,91.5,668,0.385,0.032,4.16,96,0.893,10.5,0.116,0.288,0.417,1.25,0.321,1.13,0.51
s040,Polluted,SHP,OK,14.4,16.1,0.5,B,B1,P1,A11,SHP_polluted_s040,31.84655,0.401979481,987.2869565,0.264904014,699,0.274679884,4.450979584,0.47170455,4.029383778,3.303196057,3.257678575,4.021189299,1.786751422,1.475671188,1.340444115,3.418301291,4.875061263,1.11058971,1.499687083,1.77815125,4.285557309,2.833147112,0.378397901,0.722633923,2.227886705,1.509202522,2.820857989,0.988558957,3.693726949,6.33,38.94,33.02,EK32014,297,81.8,1220,0.325,0.057,6,479,0.349,2.87,0.249,12.4,0.739,122,0.568,0.745,10.3
s041,Polluted,SHP,OK,14.4,16.1,1.3,B,B1,P1,B11,SHP_polluted_s041,24.60139,0.300954853,742.2432432,0.191404423,377,0.141676993,1.27812131,0.128944849,4.029383778,3.303196057,3.257678575,4.021189299,1.786751422,1.475671188,1.340444115,3.418301291,4.875061263,1.11058971,1.499687083,1.77815125,4.285557309,2.833147112,0.378397901,0.722633923,2.227886705,1.509202522,2.820857989,0.988558957,3.693726949,6.33,38.94,33.02,EK32015,27.2,13.5,144,0.09,0.036,4.03,302,0.318,1.15,0.156,85.5,0.471,64.6,0.362,0.145,2.35
s042,Polluted,SHP,OK,14.4,16.1,0.5,B,B1,P1,E11,SHP_polluted_s042,54.5204,0.718137752,2361.879518,0.677205923,1645,0.665427509,7.990153869,0.854036888,4.029383778,3.303196057,3.257678575,4.021189299,1.786751422,1.475671188,1.340444115,3.418301291,4.875061263,1.11058971,1.499687083,1.77815125,4.285557309,2.833147112,0.378397901,0.722633923,2.227886705,1.509202522,2.820857989,0.988558957,3.693726949,6.33,38.94,33.02,EK32018,59.4,27.3,190,0.087,0.077,3.58,137,0.369,1.97,0.23,3.49,0.997,16.3,0.767,0.307,1.5
s044,Polluted,SHP,OK,14.4,16.1,1.2,B,B1,P1,G11,SHP_polluted_s044,32.18241,0.406662626,1308.620482,0.361286338,861,0.341594382,2.8654459,0.300421434,4.029383778,3.303196057,3.257678575,4.021189299,1.786751422,1.475671188,1.340444115,3.418301291,4.875061263,1.11058971,1.499687083,1.77815125,4.285557309,2.833147112,0.378397901,0.722633923,2.227886705,1.509202522,2.820857989,0.988558957,3.693726949,6.33,38.94,33.02,EK32020,377,242,1610,0.837,0.438,5.58,816,0.688,1.68,0.285,24.8,0.542,202,0.417,0.785,12.6
s045,Polluted,SHP,OK,14.4,16.1,1.59,B,B1,P1,A12,SHP_polluted_s045,39.23903,0.505058301,1480.2,0.412750725,952,0.379182156,4.036138609,0.426889826,4.029383778,3.303196057,3.257678575,4.021189299,1.786751422,1.475671188,1.340444115,3.418301291,4.875061263,1.11058971,1.499687083,1.77815125,4.285557309,2.833147112,0.378397901,0.722633923,2.227886705,1.509202522,2.820857989,0.988558957,3.693726949,6.33,38.94,33.02,EK32105,58.6,36.3,263,0.19,0.243,3.2,325,0.153,2.09,0.766,38,0.451,41.3,0.347,0.315,2.13
s046,Polluted,SHP,OK,14.4,16.1,1.55,B,B1,P1,B12,SHP_polluted_s046,42.59737,0.551886121,1889.933333,0.535648113,1267,0.50929368,5.166261782,0.548975544,4.029383778,3.303196057,3.257678575,4.021189299,1.786751422,1.475671188,1.340444115,3.418301291,4.875061263,1.11058971,1.499687083,1.77815125,4.285557309,2.833147112,0.378397901,0.722633923,2.227886705,1.509202522,2.820857989,0.988558957,3.693726949,6.33,38.94,33.02,EK32106,337,152,1750,0.522,1.29,5,727,0.219,1.72,0.376,26.6,0.613,120,0.255,0.759,21.2
s047,Polluted,SHP,OK,14.4,16.1,1.67,B,B1,P1,C12,SHP_polluted_s047,25.48843,0.313323509,842.28,0.22140993,536,0.207352334,3.133314529,0.329358929,4.029383778,3.303196057,3.257678575,4.021189299,1.786751422,1.475671188,1.340444115,3.418301291,4.875061263,1.11058971,1.499687083,1.77815125,4.285557309,2.833147112,0.378397901,0.722633923,2.227886705,1.509202522,2.820857989,0.988558957,3.693726949,6.33,38.94,33.02,EK32107,174,58.7,694,0.3,0.632,16.7,519,0.134,2.24,0.319,20.9,0.396,88.4,0.305,0.411,6.42
s049,Polluted,SHP,OK,14.4,16.1,0.65,B,B1,P2,C1,SHP_polluted_s049,28.06631,0.349268797,944.4788732,0.252063952,700,0.275092937,2.681058497,0.280502306,4.029383778,3.303196057,3.257678575,4.021189299,1.786751422,1.475671188,1.340444115,3.418301291,4.875061263,1.11058971,1.499687083,1.77815125,4.285557309,2.833147112,0.378397901,0.722633923,2.227886705,1.509202522,2.820857989,0.988558957,3.693726949,6.33,38.94,33.02,EK32115,88.3,29.9,460,0.137,0.279,3.47,376,0.216,1.88,0.2,14.4,0.637,48.4,0.49,0.357,4.37
s050,Polluted,SHP,partial,14.4,16.1,0.27,B,B1,P2,D1,SHP_polluted_s050,59.08213,0.78174533,2380.273006,0.682722955,1803,0.730689798,7.679981962,0.820529425,4.029383778,3.303196057,3.257678575,4.021189299,1.786751422,1.475671188,1.340444115,3.418301291,4.875061263,1.11058971,1.499687083,1.77815125,4.285557309,2.833147112,0.378397901,0.722633923,2.227886705,1.509202522,2.820857989,0.988558957,3.693726949,6.33,38.94,33.02,0,0,0,0,0,0,0,0,0,0,0,0,0,0,0,0,0
s053,Control,SHP,Partial,NA,NA,NA,B,B1,P2,H1,SHP_control_s053,33.17551,0.420510154,936.8219178,0.249767287,795,0.31433292,3.925061108,0.41489027,NA,NA,NA,NA,NA,NA,NA,NA,NA,NA,NA,NA,NA,NA,NA,NA,NA,NA,NA,NA,NA,NA,NA,NA,NA,NA,NA,NA,NA,NA,NA,NA,NA,NA,NA,NA,NA,NA,NA,NA,NA
s054,Control,SHP,Partial,NA,NA,NA,B,B1,P2,B2,SHP_control_s054,36.0328,0.460351463,1303.768362,0.35983097,982,0.39157373,5.184502905,0.550946109,NA,NA,NA,NA,NA,NA,NA,NA,NA,NA,NA,NA,NA,NA,NA,NA,NA,NA,NA,NA,NA,NA,NA,NA,NA,NA,NA,NA,NA,NA,NA,NA,NA,NA,NA,NA,NA,NA,NA,NA,NA
s055,Control,SHP,Partial,NA,NA,NA,B,B1,P2,G2,SHP_control_s055,24.18096,0.295092487,740.1666667,0.190781565,530,0.204874019,1.694419577,0.173917002,NA,NA,NA,NA,NA,NA,NA,NA,NA,NA,NA,NA,NA,NA,NA,NA,NA,NA,NA,NA,NA,NA,NA,NA,NA,NA,NA,NA,NA,NA,NA,NA,NA,NA,NA,NA,NA,NA,NA,NA,NA
s056,Control,SHP,wrong sp.,NA,NA,NA,NA,NA,P2,B3,SHP_control_s056,37.53888,0.481351851,1099.909091,0.298684439,990,0.39487815,7.877970613,0.841917879,NA,NA,NA,NA,NA,NA,NA,NA,NA,NA,NA,NA,NA,NA,NA,NA,NA,NA,NA,NA,NA,NA,NA,NA,NA,NA,NA,NA,NA,NA,NA,NA,NA,NA,NA,NA,NA,NA,NA,NA,NA
s060,Polluted,SCT,wrong sp.,9.2,9.2,0.388,NA,NA,P2,B4,SCT_polluted_s060,74.73465,1,3438.057743,1,2455,1,8.910713047,0.953483684,4.045322979,3.149219113,2.620136055,4.149219113,1.836956737,2.127104798,1.617000341,3.079181246,4.789580712,1.117271296,1.465382851,1.385606274,2.252853031,1.612783857,-0.027334408,0.149219113,-0.519993057,0.117271296,1.910624405,-0.177831921,1.974050903,6.43,20.7,9.14,0,0,0,0,0,0,0,0,0,0,0,0,0,0,0,0,0
s061,Polluted,SCT,OK,9.2,9.2,0.62,A,A2,P2,D4,SCT_polluted_s061,67.67592,0.901574904,2971.062147,0.859927093,2075,0.843040066,8.833089593,0.945098124,4.045322979,3.149219113,2.620136055,4.149219113,1.836956737,2.127104798,1.617000341,3.079181246,4.789580712,1.117271296,1.465382851,1.385606274,2.252853031,1.612783857,-0.027334408,0.149219113,-0.519993057,0.117271296,1.910624405,-0.177831921,1.974050903,6.43,20.7,9.14,EK32119,745,97.6,3670,1.55,2.24,5.6,216,0.538,12.7,0.293,0.554,0.833,9.07,0.641,3.53,3.36
s063,Polluted,SCT,OK,9.2,9.2,0.866,A,A2,P2,F4,SCT_polluted_s063,62.15789,0.824632928,2693.121662,0.776560286,1963,0.796778191,7.356493247,0.785583365,4.045322979,3.149219113,2.620136055,4.149219113,1.836956737,2.127104798,1.617000341,3.079181246,4.789580712,1.117271296,1.465382851,1.385606274,2.252853031,1.612783857,-0.027334408,0.149219113,-0.519993057,0.117271296,1.910624405,-0.177831921,1.974050903,6.43,20.7,9.14,EK32204,1410,144,7160,1.93,3.95,7.11,89.5,0.91,24.3,0.277,0.344,0.533,12.3,0.41,5.08,5.62
s064,Polluted,SCT,OK,9.2,9.2,0.556,A,A1,P2,G4,SCT_polluted_s064,69.67033,0.929384438,3224.176471,0.935847422,2206,0.897149938,6.91823712,0.738239133,4.045322979,3.149219113,2.620136055,4.149219113,1.836956737,2.127104798,1.617000341,3.079181246,4.789580712,1.117271296,1.465382851,1.385606274,2.252853031,1.612783857,-0.027334408,0.149219113,-0.519993057,0.117271296,1.910624405,-0.177831921,1.974050903,6.43,20.7,9.14,EK32205,1450,160,6740,2.09,4.03,12.2,106,1.24,21.2,0.312,0.78,0.823,13.9,0.633,5.61,5.85
s065,Polluted,SCT,OK,9.2,9.2,0.557,A,A1,P2,H4,SCT_polluted_s065,65.50781,0.871343341,2698.233251,0.778093481,2170,0.88228005,8.465431156,0.905380468,4.045322979,3.149219113,2.620136055,4.149219113,1.836956737,2.127104798,1.617000341,3.079181246,4.789580712,1.117271296,1.465382851,1.385606274,2.252853031,1.612783857,-0.027334408,0.149219113,-0.519993057,0.117271296,1.910624405,-0.177831921,1.974050903,6.43,20.7,9.14,EK32206,1560,147,7120,2.04,4.22,6.72,69.9,1.44,25.4,0.304,0.299,0.637,12.3,0.49,6.2,5.21
s067,Polluted,SCT,OK,9.2,9.2,0.37,A,A1,P2,A6,SCT_polluted_s067,29.64936,0.371342435,1333.46875,0.368739447,603,0.235026848,2.99957153,0.314910849,4.045322979,3.149219113,2.620136055,4.149219113,1.836956737,2.127104798,1.617000341,3.079181246,4.789580712,1.117271296,1.465382851,1.385606274,2.252853031,1.612783857,-0.027334408,0.149219113,-0.519993057,0.117271296,1.910624405,-0.177831921,1.974050903,6.43,20.7,9.14,EK32213,1580,158,6980,2.14,4.73,8.41,77.1,1.79,23.1,0.304,0.771,1.3,13.7,1,6.05,7.56
s068,Polluted,SCT,partial,9.2,9.2,0.276,A,A2,P2,B6,SCT_polluted_s068,48.75574,0.637756831,1917.158301,0.543814101,1349,0.543163982,3.774615023,0.398637777,4.045322979,3.149219113,2.620136055,4.149219113,1.836956737,2.127104798,1.617000341,3.079181246,4.789580712,1.117271296,1.465382851,1.385606274,2.252853031,1.612783857,-0.027334408,0.149219113,-0.519993057,0.117271296,1.910624405,-0.177831921,1.974050903,6.43,20.7,9.14,0,0,0,0,0,0,0,0,0,0,0,0,0,0,0,0,0
s069,Polluted,SCT,OK,9.2,9.2,0.352,A,A2,P2,C6,SCT_polluted_s069,53.4816,0.703652995,2656.11194,0.765459412,1701,0.688558447,6.884239563,0.734566422,4.045322979,3.149219113,2.620136055,4.149219113,1.836956737,2.127104798,1.617000341,3.079181246,4.789580712,1.117271296,1.465382851,1.385606274,2.252853031,1.612783857,-0.027334408,0.149219113,-0.519993057,0.117271296,1.910624405,-0.177831921,1.974050903,6.43,20.7,9.14,EK32214,912,86.3,3570,1.12,2.61,6.58,54.1,0.306,14.3,0.253,0.494,0.903,7.91,0.694,3.85,3.52
s070,Control,SCT,Partial,9.2,7.2,NA,A,A2,P2,A7,SCT_control_s070,48.7644,0.637877584,2205.012987,0.630154621,1503,0.60677406,7.863546425,0.840359653,3.860936621,3.10720997,3.068185862,5.103803721,1.519827994,1.489958479,1.176091259,2.731588765,4.344392274,0.696356389,1.049218023,1.298853076,1.802773725,1.404833717,-0.364516253,0.017033339,-0.373659633,-0.210419288,1.672097858,-1.119186408,1.478566496,6.79,17.78,6.04,NA,NA,NA,NA,NA,NA,NA,NA,NA,NA,NA,NA,NA,NA,NA,NA,NA
s071,Control,SCT,OK,9.2,7.2,0.576,A,A2,P2,B7,SCT_control_s071,54.36734,0.716003523,2287.330986,0.654845478,1663,0.672862454,7.79745966,0.833220386,3.860936621,3.10720997,3.068185862,5.103803721,1.519827994,1.489958479,1.176091259,2.731588765,4.344392274,0.696356389,1.049218023,1.298853076,1.802773725,1.404833717,-0.364516253,0.017033339,-0.373659633,-0.210419288,1.672097858,-1.119186408,1.478566496,6.79,17.78,6.04,646,25.5,1120,0.439,0.727,3.55,29.6,0.389,8.65,0.129,0.74,0.332,1.74,0.255,1.17,2.36,0
s072,Control,SCT,OK,9.2,7.2,1.14,A,NA,P2,C7,SCT_control_s072,55.42623,0.73076841,2819.958175,0.814604241,1811,0.733994217,7.862351695,0.840230587,3.860936621,3.10720997,3.068185862,5.103803721,1.519827994,1.489958479,1.176091259,2.731588765,4.344392274,0.696356389,1.049218023,1.298853076,1.802773725,1.404833717,-0.364516253,0.017033339,-0.373659633,-0.210419288,1.672097858,-1.119186408,1.478566496,6.79,17.78,6.04,813,49,1940,0.794,1.26,4.47,75.3,0.838,17.3,0.25,1.41,0.422,3.38,0.325,2.01,5.38,0
s073,Control,SCT,OK,9.2,7.2,0.751,A,A1,P2,E7,SCT_control_s073,39.62644,0.510460245,1717.5,0.483927629,1131,0.453118546,6.511092437,0.694255829,3.860936621,3.10720997,3.068185862,5.103803721,1.519827994,1.489958479,1.176091259,2.731588765,4.344392274,0.696356389,1.049218023,1.298853076,1.802773725,1.404833717,-0.364516253,0.017033339,-0.373659633,-0.210419288,1.672097858,-1.119186408,1.478566496,6.79,17.78,6.04,764,42.4,1320,0.588,3.98,8.48,64.5,0.774,11.8,0.202,1.03,0.335,2.38,0.258,1.48,4.86,0
s074,Control,SCT,OK,9.2,7.2,0.556,A,A1,P2,G7,SCT_control_s074,69.87516,0.932240535,3153.272727,0.914580212,2304,0.937629079,8.484347791,0.907424007,3.860936621,3.10720997,3.068185862,5.103803721,1.519827994,1.489958479,1.176091259,2.731588765,4.344392274,0.696356389,1.049218023,1.298853076,1.802773725,1.404833717,-0.364516253,0.017033339,-0.373659633,-0.210419288,1.672097858,-1.119186408,1.478566496,6.79,17.78,6.04,166,9.17,372,0.22,0.209,2.38,19.2,0.332,4.18,0.077,0.462,0.335,0.751,0.258,0.53,0.749,0
s077,Control,SCT,OK,9.2,7.2,0.807,A,NA,P2,C8,SCT_control_s077,43.09635,0.558843768,1893.604444,0.536749244,1319,0.530772408,7.28899475,0.778291592,3.860936621,3.10720997,3.068185862,5.103803721,1.519827994,1.489958479,1.176091259,2.731588765,4.344392274,0.696356389,1.049218023,1.298853076,1.802773725,1.404833717,-0.364516253,0.017033339,-0.373659633,-0.210419288,1.672097858,-1.119186408,1.478566496,6.79,17.78,6.04,227,11.8,561,0.265,0.649,2.37,11.6,0.259,4.52,0.085,0.252,0.323,0.945,0.249,1.11,1.35,0
s078,Control,SCT,OK,9.2,7.2,0.674,A,A1,P2,F8,SCT_control_s078,40.2211,0.51875203,1675.972678,0.471471724,1119,0.448161917,6.744267843,0.719445461,3.860936621,3.10720997,3.068185862,5.103803721,1.519827994,1.489958479,1.176091259,2.731588765,4.344392274,0.696356389,1.049218023,1.298853076,1.802773725,1.404833717,-0.364516253,0.017033339,-0.373659633,-0.210419288,1.672097858,-1.119186408,1.478566496,6.79,17.78,6.04,601,6.61,376,0.094,0.224,0.38,5.2,0.064,1.44,0.034,0.104,0.06,0.292,0.046,0.194,0.541,0
s079,Control,SCT,OK,9.2,7.2,0.656,A,A2,P2,H8,SCT_control_s079,51.29295,0.673135028,2374.615385,0.68102598,1476,0.595621644,7.421202368,0.792573807,3.860936621,3.10720997,3.068185862,5.103803721,1.519827994,1.489958479,1.176091259,2.731588765,4.344392274,0.696356389,1.049218023,1.298853076,1.802773725,1.404833717,-0.364516253,0.017033339,-0.373659633,-0.210419288,1.672097858,-1.119186408,1.478566496,6.79,17.78,6.04,849,51.6,1970,1.55,53.1,9,120,1.96,19.6,0.36,2.84,0.707,3.94,0.543,2.71,9.22,0
s080,Polluted,CWM,OK,9,9.2,0.8,B,B1,P2,A9,CWM_polluted_s080,21.66869,0.260062047,783.9428571,0.203912006,411,0.155720777,2.666861679,0.278968642,4.29666519,2.820201459,2.692846919,2.403120521,1.086359831,1.487138375,1.367355921,3.447158031,4.705007959,1.675778342,1.367355921,1.450249108,2.10720997,1.715167358,0.139879086,0.152288344,-0.823908741,0.392696953,1.475671188,-0.174573882,2.844477176,5.62,28.89,12.74,EK32319,344,137,1130,1.98,0.671,2.45,46.1,1.59,2.25,0.121,0.576,0.524,87.6,0.403,1.59,3.89
s083,Polluted,CWM,OK,9,9.2,0.47,B,B1,P2,A10,CWM_polluted_s083,30.57922,0.384308161,1126.407692,0.306632557,621,0.242461793,1.13237824,0.113200417,4.29666519,2.820201459,2.692846919,2.403120521,1.086359831,1.487138375,1.367355921,3.447158031,4.705007959,1.675778342,1.367355921,1.450249108,2.10720997,1.715167358,0.139879086,0.152288344,-0.823908741,0.392696953,1.475671188,-0.174573882,2.844477176,5.62,28.89,12.74,EK32409,288,215,1640,2.43,0.028,2.56,62.3,1.17,3.29,0.209,0.668,0.365,322,0.281,0.44,3.14
s088,Polluted,CWM,OK,9,9.2,1.06,B,B1,P2,G10,CWM_polluted_s088,20.7758,0.247611821,656.5903614,0.165713286,412,0.156133829,2.270559699,0.236156661,4.29666519,2.820201459,2.692846919,2.403120521,1.086359831,1.487138375,1.367355921,3.447158031,4.705007959,1.675778342,1.367355921,1.450249108,2.10720997,1.715167358,0.139879086,0.152288344,-0.823908741,0.392696953,1.475671188,-0.174573882,2.844477176,5.62,28.89,12.74,EK32415,441,106,1170,1.77,0.506,3.16,88.7,1.9,2.63,0.187,1.55,0.5,167,0.385,0.768,1.87
s090,Polluted,CWM,NONE,9,9.2,NA,NA,NA,P2,B11,CWM_polluted_s090,20.35558,0.241752382,738.4385965,0.190263239,368,0.137959521,1.722225356,0.176920824,4.29666519,2.820201459,2.692846919,2.403120521,1.086359831,1.487138375,1.367355921,3.447158031,4.705007959,1.675778342,1.367355921,1.450249108,2.10720997,1.715167358,0.139879086,0.152288344,-0.823908741,0.392696953,1.475671188,-0.174573882,2.844477176,5.62,28.89,12.74,NA,NA,NA,NA,NA,NA,NA,NA,NA,NA,NA,NA,NA,NA,NA,NA,NA
s091,Polluted,CWM,OK,9,9.2,0.91,B,B1,P2,C11,CWM_polluted_s091,26.54636,0.32807501,1056.225806,0.285581865,657,0.257331681,4.341196305,0.459844807,4.29666519,2.820201459,2.692846919,2.403120521,1.086359831,1.487138375,1.367355921,3.447158031,4.705007959,1.675778342,1.367355921,1.450249108,2.10720997,1.715167358,0.139879086,0.152288344,-0.823908741,0.392696953,1.475671188,-0.174573882,2.844477176,5.62,28.89,12.74,EK32418,75.1,56.8,195,0.784,0.033,3.15,70.8,1.14,2.38,0.164,0.839,0.422,96.7,0.325,0.237,0.427
s092,Control,CWM,OK,10.5,9.7,0.91,B,B1,P2,E11,CWM_control_s092,39.14747,0.503781612,1355.421622,0.375324097,960,0.382486576,4.310092163,0.456484668,4.195899652,2.780317312,2.775974331,2.292256071,0.792391689,1.404833717,1.260071388,2.605305046,4.606381365,0.731588765,1.173186268,1.26245109,2.06069784,1.164352856,0.056904851,-0.049635146,-0.958607315,0.123851641,1.155336037,-0.931814138,2.799340549,5.65,38.8,18.37,EK32420,288,24.3,514,0.27,0.053,2.44,62.8,1.54,3.13,0.158,0.4,0.684,380,0.526,0.452,0.621
s094,Control,CWM,OK,10.5,9.7,0.75,A,A1,P2,G11,CWM_control_s094,36.76657,0.470582961,1206.034286,0.330516141,863,0.342420487,4.772554065,0.506443818,4.195899652,2.780317312,2.775974331,2.292256071,0.792391689,1.404833717,1.260071388,2.605305046,4.606381365,0.731588765,1.173186268,1.26245109,2.06069784,1.164352856,0.056904851,-0.049635146,-0.958607315,0.123851641,1.155336037,-0.931814138,2.799340549,5.65,38.8,18.37,EK32505,88,29.3,208,0.349,0.16,3.59,121,0.99,2.96,0.141,0.612,0.57,30.9,0.439,0.247,0.337
s095,Control,CWM,OK,10.5,9.7,0.84,B,B1,P2,H11,CWM_control_s095,22.79347,0.275745687,746.8815789,0.192795668,447,0.170590665,3.176320235,0.334004779,4.195899652,2.780317312,2.775974331,2.292256071,0.792391689,1.404833717,1.260071388,2.605305046,4.606381365,0.731588765,1.173186268,1.26245109,2.06069784,1.164352856,0.056904851,-0.049635146,-0.958607315,0.123851641,1.155336037,-0.931814138,2.799340549,5.65,38.8,18.37,EK32506,211,32.8,512,0.408,0.172,2.96,100,1.27,4.18,0.19,0.42,0.65,488,0.5,0.392,0.566
s096,Control,CWM,OK,10.5,9.7,1.09,B,B1,P2,A12,CWM_control_s096,29.52693,0.369635303,1109.81,0.301654165,593,0.230896324,2.415151966,0.251776773,4.195899652,2.780317312,2.775974331,2.292256071,0.792391689,1.404833717,1.260071388,2.605305046,4.606381365,0.731588765,1.173186268,1.26245109,2.06069784,1.164352856,0.056904851,-0.049635146,-0.958607315,0.123851641,1.155336037,-0.931814138,2.799340549,5.65,38.8,18.37,EK32507,247,20.5,572,0.204,0.701,2.5,85.9,0.205,2.3,0.146,0.34,0.464,72.8,0.357,0.336,0.493
s099,Control,CWM,OK,10.5,9.7,1.11,B,B1,P3,A1,CWM_control_s099,19.53342,0.230288397,665.5394737,0.168397525,385,0.144981413,1.177149474,0.118036994,4.195899652,2.780317312,2.775974331,2.292256071,0.792391689,1.404833717,1.260071388,2.605305046,4.606381365,0.731588765,1.173186268,1.26245109,2.06069784,1.164352856,0.056904851,-0.049635146,-0.958607315,0.123851641,1.155336037,-0.931814138,2.799340549,5.65,38.8,18.37,EK32516,292,14.8,810,0.333,0.512,3.66,104,1.88,3.44,0.182,0.373,0.677,445,0.521,0.392,0.669
s100,Control,CWM,OK,10.5,9.7,0.83,B,B1,P3,D1,CWM_control_s100,11.52502,0.118621349,512.05,0.122359154,190,0.064436183,1.243093207,0.125160809,4.195899652,2.780317312,2.775974331,2.292256071,0.792391689,1.404833717,1.260071388,2.605305046,4.606381365,0.731588765,1.173186268,1.26245109,2.06069784,1.164352856,0.056904851,-0.049635146,-0.958607315,0.123851641,1.155336037,-0.931814138,2.799340549,5.65,38.8,18.37,EK32519,195,20.2,427,0.571,0.063,3.67,163,1.72,3.36,0.188,0.963,0.813,422,0.625,0.269,0.581
s101,Control,CWM,OK,10.5,9.7,0.48,B,B1,P3,H1,CWM_control_s101,19.4318,0.228871434,762.3448276,0.197433789,362,0.135481206,1.397602812,0.141852278,4.195899652,2.780317312,2.775974331,2.292256071,0.792391689,1.404833717,1.260071388,2.605305046,4.606381365,0.731588765,1.173186268,1.26245109,2.06069784,1.164352856,0.056904851,-0.049635146,-0.958607315,0.123851641,1.155336037,-0.931814138,2.799340549,5.65,38.8,18.37,EK32318,249,80.3,809,1.39,0.404,2.02,72.6,0.895,1.57,0.161,0.911,0.411,198,0.316,0.372,1.22
s103,ECN,SND,OK,8.3,9.2,0.46,A,A1,P3,D2,SND_ECN_s103,6.50228,0.048585568,158.4,0.014655304,101,0.027674515,1.737174002,0.223169634,4.591064607,2.725094521,2.836956737,3.008600172,3.181843588,2.376576957,1.892651034,3.130333768,4.844477176,1.477121255,1.477121255,1.243038049,2.056904851,1.245512668,0.146128036,-0.282329497,-0.515700161,-0.2915791,0.92992956,-0.838631998,1.557507202,6.04,48.97,13.93,EK32218,965,41.5,1650,1.12,1.22,4.25,140,1.53,4.39,0.132,2.8,0.56,1.35,0.431,2.24,0.749
s104,ECN,SND,OK,8.3,9.2,0.91,A,A1,P3,E2,SND_ECN_s104,20.05597,0.237574698,607.1304348,0.135790233,394,0.148698885,3.759034831,0.496193338,4.591064607,2.725094521,2.836956737,3.008600172,3.181843588,2.376576957,1.892651034,3.130333768,4.844477176,1.477121255,1.477121255,1.243038049,2.056904851,1.245512668,0.146128036,-0.282329497,-0.515700161,-0.2915791,0.92992956,-0.838631998,1.557507202,6.04,48.97,13.93,EK32219,1630,104,2820,1.89,1.82,6.87,108,1.64,6.94,0.161,1.41,0.451,2.99,0.347,3.37,1.47
s105,ECN,SND,OK,8.3,9.2,0.49,A,A2,P3,F2,SND_ECN_s105,31.52546,0.397502286,971.4230769,0.234131153,690,0.270962412,2.872644427,0.376498851,4.591064607,2.725094521,2.836956737,3.008600172,3.181843588,2.376576957,1.892651034,3.130333768,4.844477176,1.477121255,1.477121255,1.243038049,2.056904851,1.245512668,0.146128036,-0.282329497,-0.515700161,-0.2915791,0.92992956,-0.838631998,1.557507202,6.04,48.97,13.93,EK32220,1960,90.2,3250,1.89,2.36,7.12,121,1.35,7.7,0.199,3.11,0.677,2.41,0.521,4.64,1.06
s106,ECN,SND,OK,8.3,9.2,0.62,A,A2,P3,A3,SND_ECN_s106,33.1692,0.420422169,1278.656934,0.317069035,843,0.334159438,5.447906103,0.724251511,4.591064607,2.725094521,2.836956737,3.008600172,3.181843588,2.376576957,1.892651034,3.130333768,4.844477176,1.477121255,1.477121255,1.243038049,2.056904851,1.245512668,0.146128036,-0.282329497,-0.515700161,-0.2915791,0.92992956,-0.838631998,1.557507202,6.04,48.97,13.93,EK32306,2270,77.1,3810,1.97,2.47,4,99.2,0.502,3.4,0.155,1.94,0.349,2.63,0.269,5.33,1.28
s107,ECN,SND,OK,8.3,9.2,0.55,A,A2,P3,B3,SND_ECN_s107,29.97593,0.375896042,1122.27907,0.274854778,686,0.269310202,3.629854926,0.478749419,4.591064607,2.725094521,2.836956737,3.008600172,3.181843588,2.376576957,1.892651034,3.130333768,4.844477176,1.477121255,1.477121255,1.243038049,2.056904851,1.245512668,0.146128036,-0.282329497,-0.515700161,-0.2915791,0.92992956,-0.838631998,1.557507202,6.04,48.97,13.93,EK32307,280,20.2,498,0.337,0.426,1.52,41.8,0.168,1.4,0.103,0.828,0.445,0.455,0.342,0.739,0.223
s109,ECN,SND,OK,8.3,9.2,0.58,A,A1,P3,E3,SND_ECN_s109,29.25748,0.365878162,1027.10687,0.249163012,716,0.281701776,4.63883474,0.614997869,4.591064607,2.725094521,2.836956737,3.008600172,3.181843588,2.376576957,1.892651034,3.130333768,4.844477176,1.477121255,1.477121255,1.243038049,2.056904851,1.245512668,0.146128036,-0.282329497,-0.515700161,-0.2915791,0.92992956,-0.838631998,1.557507202,6.04,48.97,13.93,EK32310,954,55.3,1620,1,0.972,3.37,99.2,0.533,3.51,0.146,1.86,0.382,1.33,0.294,2.01,0.7
s110,ECN,SND,OK,8.3,9.2,0.42,A,A1,P3,F3,SND_ECN_s110,28.90964,0.361027972,1035.147059,0.251333464,610,0.237918216,3.578959776,0.471876749,4.591064607,2.725094521,2.836956737,3.008600172,3.181843588,2.376576957,1.892651034,3.130333768,4.844477176,1.477121255,1.477121255,1.243038049,2.056904851,1.245512668,0.146128036,-0.282329497,-0.515700161,-0.2915791,0.92992956,-0.838631998,1.557507202,6.04,48.97,13.93,EK32311,1390,81.6,2590,1.38,1.39,5.29,113,1.34,4.43,0.177,3.23,0.542,2.68,0.567,3.36,1.1
s112,ECN,SND,OK,8.3,9.2,0.42,B,B1,P3,B4,SND_ECN_s112,47.8868,0.625640558,1718.272727,0.435743465,1281,0.515076415,5.32223125,0.7072809,4.591064607,2.725094521,2.836956737,3.008600172,3.181843588,2.376576957,1.892651034,3.130333768,4.844477176,1.477121255,1.477121255,1.243038049,2.056904851,1.245512668,0.146128036,-0.282329497,-0.515700161,-0.2915791,0.92992956,-0.838631998,1.557507202,6.04,48.97,13.93,EK32315,1040,44.9,1810,1.18,1.17,3.89,146,0.95,3.81,0.123,3.27,0.533,1.46,0.41,2.36,0.644
s113,ECN,AHT,OK,12,14.1,0.55,A,A1,P3,F4,AHT_ECN_s113,25.30957,0.310829531,1031.666667,0.25039393,610,0.237918216,3.382961252,0.44540992,3.949877704,2.562292864,2.606381365,3.217483944,0.857935265,1.385606274,1.10720997,1.746634199,4.212187604,0.77524626,1.004321374,1.103803721,1.62838893,1.113943352,-0.308918508,-0.555955204,-1,-0.37675071,1.292256071,-0.806875402,1.423245874,4.93,27.99,13.16,EK32709,367,64.2,355,0.566,32.3,14.4,25.7,0.209,4.67,0.082,0.278,0.357,0.832,0.275,0.762,0.293
s115,ECN,AHT,OK,12,14.1,1.25,B,NA,P3,A5,AHT_ECN_s115,56.84596,0.750564756,2737.690972,0.710935758,1929,0.782734407,8.953460731,1.197627075,3.949877704,2.562292864,2.606381365,3.217483944,0.857935265,1.385606274,1.10720997,1.746634199,4.212187604,0.77524626,1.004321374,1.103803721,1.62838893,1.113943352,-0.308918508,-0.555955204,-1,-0.37675071,1.292256071,-0.806875402,1.423245874,4.93,27.99,13.16,EK32712,250,54.9,261,0.477,0.714,0.695,25.1,0.082,8.97,0.059,0.427,0.241,1.27,0.185,0.434,0.266
s116,ECN,AHT,OK,12,14.1,0.77,B,NA,P3,B5,AHT_ECN_s116,35.91643,0.45872883,1269.926702,0.314712306,1011,0.403552251,5.826486563,0.775373448,3.949877704,2.562292864,2.606381365,3.217483944,0.857935265,1.385606274,1.10720997,1.746634199,4.212187604,0.77524626,1.004321374,1.103803721,1.62838893,1.113943352,-0.308918508,-0.555955204,-1,-0.37675071,1.292256071,-0.806875402,1.423245874,4.93,27.99,13.16,EK32713,479,26.1,510,0.599,0.647,0.746,34.4,0.163,4.95,0.076,0.323,0.328,3.93,0.253,0.755,0.356
s117,ECN,AHT,OK,12,14.1,0.73,B,NA,P3,C5,AHT_ECN_s117,38.92324,0.500655007,1527.98324,0.384374754,1027,0.41016109,4.960360958,0.658415436,3.949877704,2.562292864,2.606381365,3.217483944,0.857935265,1.385606274,1.10720997,1.746634199,4.212187604,0.77524626,1.004321374,1.103803721,1.62838893,1.113943352,-0.308918508,-0.555955204,-1,-0.37675071,1.292256071,-0.806875402,1.423245874,4.93,27.99,13.16,EK32714,252,48.9,317,1.46,0.874,1.66,61.3,0.228,11,0.065,0.812,0.25,3.96,0.192,0.488,0.412
s118,ECN,AHT,OK,12,14.1,0.94,B,B1,P3,D5,AHT_ECN_s118,36.64489,0.468886287,1624.833333,0.410519469,1076,0.430400661,4.232955271,0.560189589,3.949877704,2.562292864,2.606381365,3.217483944,0.857935265,1.385606274,1.10720997,1.746634199,4.212187604,0.77524626,1.004321374,1.103803721,1.62838893,1.113943352,-0.308918508,-0.555955204,-1,-0.37675071,1.292256071,-0.806875402,1.423245874,4.93,27.99,13.16,EK32715,403,31.3,564,0.972,1.3,1.32,39.6,0.313,10.7,0.055,0.696,0.239,1.93,0.184,0.852,0.555
s119,ECN,AHT,OK,12,14.1,1.08,B,B1,P3,E5,AHT_ECN_s119,51.00639,0.66913931,1984.896797,0.50771872,1591,0.643122677,8.22160021,1.098799665,3.949877704,2.562292864,2.606381365,3.217483944,0.857935265,1.385606274,1.10720997,1.746634199,4.212187604,0.77524626,1.004321374,1.103803721,1.62838893,1.113943352,-0.308918508,-0.555955204,-1,-0.37675071,1.292256071,-0.806875402,1.423245874,4.93,27.99,13.16,EK32716,229,43.6,285,0.401,0.571,0.527,30,0.21,5.13,0.065,0.692,0.283,0.648,0.217,0.441,0.229
s120,ECN,AHT,OK,12,14.1,1.18,B,B1,P3,G5,AHT_ECN_s120,54.86375,0.722925335,1833.464646,0.466839561,1654,0.669144981,7.923783989,1.058583796,3.949877704,2.562292864,2.606381365,3.217483944,0.857935265,1.385606274,1.10720997,1.746634199,4.212187604,0.77524626,1.004321374,1.103803721,1.62838893,1.113943352,-0.308918508,-0.555955204,-1,-0.37675071,1.292256071,-0.806875402,1.423245874,4.93,27.99,13.16,EK32718,145,45.1,154,0.229,0.413,0.327,35.3,0.1,6.01,0.068,0.379,0.295,0.628,0.227,0.258,0.123
s121,ECN,AHT,OK,12,14.1,0.79,A,A2,P3,A6,AHT_ECN_s121,50.73908,0.665412009,2089.142857,0.535859978,1658,0.670797191,7.984438597,1.066774344,3.949877704,2.562292864,2.606381365,3.217483944,0.857935265,1.385606274,1.10720997,1.746634199,4.212187604,0.77524626,1.004321374,1.103803721,1.62838893,1.113943352,-0.308918508,-0.555955204,-1,-0.37675071,1.292256071,-0.806875402,1.423245874,4.93,27.99,13.16,EK32720,541,44,728,1.06,1.13,1.22,31.5,0.084,6.95,0.057,0.543,0.248,1.19,0.191,1.08,0.572
s123,ECN,AHT,OK,12,14.1,0.87,A,A2,P3,C6,AHT_ECN_s123,46.11898,0.600990535,1843.941423,0.46966777,1438,0.579925651,7.028856237,0.937736464,3.949877704,2.562292864,2.606381365,3.217483944,0.857935265,1.385606274,1.10720997,1.746634199,4.212187604,0.77524626,1.004321374,1.103803721,1.62838893,1.113943352,-0.308918508,-0.555955204,-1,-0.37675071,1.292256071,-0.806875402,1.423245874,4.93,27.99,13.16,EK32805,453,38.9,615,0.779,1.24,2.57,24.7,0.091,7.63,0.051,0.416,0.217,1.31,0.167,0.877,0.771
s124,ECN,AHT,OK,12,14.1,0.65,B,NA,P3,D6,AHT_ECN_s124,41.41975,0.535465694,1791.858824,0.455608056,1160,0.465097067,6.332542491,0.843709143,3.949877704,2.562292864,2.606381365,3.217483944,0.857935265,1.385606274,1.10720997,1.746634199,4.212187604,0.77524626,1.004321374,1.103803721,1.62838893,1.113943352,-0.308918508,-0.555955204,-1,-0.37675071,1.292256071,-0.806875402,1.423245874,4.93,27.99,13.16,EK32806,363,28.7,419,0.716,0.643,3.01,80.3,0.216,4.79,0.094,0.55,0.346,4.14,0.266,0.737,0.453
s125,ECN,PDW,OK,7.8,8.3,0.8,A,A2,P3,E7,PDW_ECN_s125,53.97931,0.710592934,2166.680851,0.556791386,1623,0.656340355,8.22163754,1.098804705,3.784617293,3.46686762,3.152288344,5.201397124,1.545307116,1.225309282,1.033423755,2.797267541,4.103803721,0.808885867,1.130333768,1.597695186,2.274157849,1.10720997,-0.4225082,-0.080921908,-0.076238039,0.193124598,1.949877704,-0.596879479,1.914871818,6.75,31.53,12.93,EK32814,488,38.1,661,0.563,1.06,3.73,65.9,0.203,9.27,0.12,0.837,0.516,3.29,0.397,0.658,0.167
s126,ECN,PDW,OK,7.8,8.3,0.82,A,A2,P3,F7,PDW_ECN_s126,54.02167,0.711183591,1921.11032,0.49049954,1512,0.610491532,7.791944409,1.040780726,3.784617293,3.46686762,3.152288344,5.201397124,1.545307116,1.225309282,1.033423755,2.797267541,4.103803721,0.808885867,1.130333768,1.597695186,2.274157849,1.10720997,-0.4225082,-0.080921908,-0.076238039,0.193124598,1.949877704,-0.596879479,1.914871818,6.75,31.53,12.93,EK32815,391,31.2,507,0.697,0.861,3.87,43.8,0.409,5.79,0.115,0.265,0.5,1.96,0.385,0.439,0.271
s129,ECN,PDW,OK,7.8,8.3,0.76,A,A1,P3,B8,PDW_ECN_s129,58.7951,0.777743058,2182.035714,0.560936436,1631,0.659644775,8.290265796,1.10807198,3.784617293,3.46686762,3.152288344,5.201397124,1.545307116,1.225309282,1.033423755,2.797267541,4.103803721,0.808885867,1.130333768,1.597695186,2.274157849,1.10720997,-0.4225082,-0.080921908,-0.076238039,0.193124598,1.949877704,-0.596879479,1.914871818,6.75,31.53,12.93,EK32819,299,28.8,443,0.504,0.749,3.26,56,0.319,5.93,0.127,0.916,0.551,2.21,0.424,0.355,0.07
s130,ECN,PDW,OK,7.8,8.3,1.02,A,A1,P3,D8,PDW_ECN_s130,67.86985,0.904279013,2661.638889,0.690405473,2129,0.865344899,8.919938829,1.193100416,3.784617293,3.46686762,3.152288344,5.201397124,1.545307116,1.225309282,1.033423755,2.797267541,4.103803721,0.808885867,1.130333768,1.597695186,2.274157849,1.10720997,-0.4225082,-0.080921908,-0.076238039,0.193124598,1.949877704,-0.596879479,1.914871818,6.75,31.53,12.93,EK32904,292,30.6,448,0.438,0.629,2.37,46.5,0.225,7.21,0.116,1.24,0.485,2.78,0.373,0.384,0.822
s132,ECN,PDW,OK,7.8,8.3,1.03,A,A2,P3,H8,PDW_ECN_s132,64.2545,0.853867512,2435.415842,0.629336486,1917,0.777777778,8.764148504,1.172063136,3.784617293,3.46686762,3.152288344,5.201397124,1.545307116,1.225309282,1.033423755,2.797267541,4.103803721,0.808885867,1.130333768,1.597695186,2.274157849,1.10720997,-0.4225082,-0.080921908,-0.076238039,0.193124598,1.949877704,-0.596879479,1.914871818,6.75,31.53,12.93,EK32905,380,29.9,588,0.827,0.848,2.81,65.9,0.149,7.84,0.13,1.77,0.439,2.9,0.338,0.491,0.384
s133,ECN,PDW,OK,7.8,8.3,0.52,A,A2,P3,A9,PDW_ECN_s133,31.2102,0.393106382,1241.297521,0.306983849,671,0.263114416,3.330322995,0.438301868,3.784617293,3.46686762,3.152288344,5.201397124,1.545307116,1.225309282,1.033423755,2.797267541,4.103803721,0.808885867,1.130333768,1.597695186,2.274157849,1.10720997,-0.4225082,-0.080921908,-0.076238039,0.193124598,1.949877704,-0.596879479,1.914871818,6.75,31.53,12.93,EK32906,198,21.4,328,1.07,0.498,2.82,132,0.346,5.04,0.243,2.37,0.929,6.67,0.714,0.286,0.306
s134,ECN,PDW,OK,7.8,8.3,0.6,A,A2,P3,B9,PDW_ECN_s134,59.14699,0.782649721,2629.455197,0.681717474,1802,0.730276745,8.701299835,1.163576313,3.784617293,3.46686762,3.152288344,5.201397124,1.545307116,1.225309282,1.033423755,2.797267541,4.103803721,0.808885867,1.130333768,1.597695186,2.274157849,1.10720997,-0.4225082,-0.080921908,-0.076238039,0.193124598,1.949877704,-0.596879479,1.914871818,6.75,31.53,12.93,EK32907,336,40,766,1.22,1.04,4.85,63.9,0.18,8.47,0.134,0.557,0.533,3.2,0.41,0.424,0.564
s135,ECN,PDW,NONE,7.8,8.3,NA,NA,NA,P3,D9,PDW_ECN_s135,17.30384,0.199199713,793.6666667,0.186145751,306,0.112350268,0.80798382,0.097695644,3.784617293,3.46686762,3.152288344,5.201397124,1.545307116,1.225309282,1.033423755,2.797267541,4.103803721,0.808885867,1.130333768,1.597695186,2.274157849,1.10720997,-0.4225082,-0.080921908,-0.076238039,0.193124598,1.949877704,-0.596879479,1.914871818,6.75,31.53,12.93,NA,NA,NA,NA,NA,NA,NA,NA,NA,NA,NA,NA,NA,NA,NA,NA,NA
s136,ECN,DRA,OK,12.9,16.6,0.52,B,B1,P3,E9,DRA_ECN_s136,41.35054,0.534500647,1740.780749,0.441819512,1079,0.431639818,5.00936054,0.665032138,4.11058971,3.303196057,3.075546961,4.544068044,1.532754379,1.50242712,1.190331698,2.912222057,4.450249108,0.686636269,1.037426498,1.619093331,2.260071388,1.411619706,-0.300162274,0.004321374,-0.380906669,-0.203425667,1.679427897,-1.161150909,1.481442629,6.54,33.78,17.09,EK32908,500,17.3,757,0.834,0.948,3.1,135,0.306,7.14,0.49,1.58,0.903,1.56,0.694,0.315,0.117
s138,ECN,DRA,OK,12.9,16.6,0.58,B,B1,P3,A10,DRA_ECN_s138,38.88841,0.500169347,1546.247312,0.389305146,1027,0.41016109,4.671198581,0.619368149,4.11058971,3.303196057,3.075546961,4.544068044,1.532754379,1.50242712,1.190331698,2.912222057,4.450249108,0.686636269,1.037426498,1.619093331,2.260071388,1.411619706,-0.300162274,0.004321374,-0.380906669,-0.203425667,1.679427897,-1.161150909,1.481442629,6.54,33.78,17.09,EK32912,357,18.3,523,0.349,1.02,2.89,104,0.297,4.93,0.276,0.605,0.878,0.938,0.676,0.27,0.054
s139,ECN,DRA,OK,12.9,16.6,0.71,B,B2,P3,C10,DRA_ECN_s139,35.3851,0.451320103,1568.453988,0.395299846,984,0.392399835,3.359845823,0.442288509,4.11058971,3.303196057,3.075546961,4.544068044,1.532754379,1.50242712,1.190331698,2.912222057,4.450249108,0.686636269,1.037426498,1.619093331,2.260071388,1.411619706,-0.300162274,0.004321374,-0.380906669,-0.203425667,1.679427897,-1.161150909,1.481442629,6.54,33.78,17.09,EK32914,505,23.8,781,0.497,1.06,3.33,112,0.224,6.07,0.274,0.81,0.663,1.34,0.51,0.524,0.206
s140,ECN,DRA,OK,12.9,16.6,0.65,B,B1,P3,D10,DRA_ECN_s140,50.77236,0.665876057,2230.23741,0.5739485,1697,0.686906237,8.488738714,1.13487294,4.11058971,3.303196057,3.075546961,4.544068044,1.532754379,1.50242712,1.190331698,2.912222057,4.450249108,0.686636269,1.037426498,1.619093331,2.260071388,1.411619706,-0.300162274,0.004321374,-0.380906669,-0.203425667,1.679427897,-1.161150909,1.481442629,6.54,33.78,17.09,EK32915,1050,43.6,1620,0.978,2.06,4.6,138,0.25,7.38,0.435,1.01,0.739,2.55,0.568,1.35,0.599
s143,ECN,DRA,OK,12.9,16.6,0.92,B,B2,P3,G10,DRA_ECN_s143,52.08888,0.684233269,1966.384615,0.502721351,1474,0.594795539,6.346134405,0.845544538,4.11058971,3.303196057,3.075546961,4.544068044,1.532754379,1.50242712,1.190331698,2.912222057,4.450249108,0.686636269,1.037426498,1.619093331,2.260071388,1.411619706,-0.300162274,0.004321374,-0.380906669,-0.203425667,1.679427897,-1.161150909,1.481442629,6.54,33.78,17.09,EK32918,875,26.2,1310,0.695,1.71,4.91,138,0.204,7.03,0.469,0.99,0.602,2.09,0.463,1.27,0.394
s144,ECN,DRA,OK,12.9,16.6,0.4,B,B1,P3,H10,DRA_ECN_s144,35.4937,0.452834393,882.3716814,0.210091699,735,0.289549773,4.327565172,0.572965318,4.11058971,3.303196057,3.075546961,4.544068044,1.532754379,1.50242712,1.190331698,2.912222057,4.450249108,0.686636269,1.037426498,1.619093331,2.260071388,1.411619706,-0.300162274,0.004321374,-0.380906669,-0.203425667,1.679427897,-1.161150909,1.481442629,6.54,33.78,17.09,EK32919,409,16.3,605,0.467,1.14,3.93,127,0.234,4.86,0.374,0.835,0.691,3.71,0.532,0.49,0.246
s145,ECN,DRA,OK,12.9,16.6,0.43,B,B2,P3,C11,DRA_ECN_s145,48.20928,0.630137135,1847.5,0.47062841,1435,0.578686493,6.68953168,0.891915483,4.11058971,3.303196057,3.075546961,4.544068044,1.532754379,1.50242712,1.190331698,2.912222057,4.450249108,0.686636269,1.037426498,1.619093331,2.260071388,1.411619706,-0.300162274,0.004321374,-0.380906669,-0.203425667,1.679427897,-1.161150909,1.481442629,6.54,33.78,17.09,EK33005,280,9.64,384,0.321,0.67,4.08,82.4,0.253,5.82,0.361,2.62,0.382,1.02,0.294,0.27,0.151
s146,ECN,DRA,OK,12.9,16.6,0.61,B,B1,P3,E11,DRA_ECN_s146,44.40593,0.577104211,1567.043956,0.394919207,1046,0.418009087,5.213215283,0.692559836,4.11058971,3.303196057,3.075546961,4.544068044,1.532754379,1.50242712,1.190331698,2.912222057,4.450249108,0.686636269,1.037426498,1.619093331,2.260071388,1.411619706,-0.300162274,0.004321374,-0.380906669,-0.203425667,1.679427897,-1.161150909,1.481442629,6.54,33.78,17.09,EK33007,250,10.6,577,0.665,22.3,46.1,153,0.298,5.66,0.356,1.17,0.881,0.93,0.678,0.271,0.186
s149,Polluted,AMT,OK,10.7,9.9,1.08,A,A2,P4,A1,AMT_smelter_s149,35.58122,0.454054749,1483.764706,0.41381994,925,0.36802974,4.397933009,0.465973999,4.029383778,2.709269961,3.012837225,4.869818208,1.499687083,1.424881637,1.521138084,2.7355989,4.40654018,1.012837225,1.419955748,1.633468456,2.824776462,1.31386722,0.173186268,0.113943352,0.198657087,0.161368002,2.536558443,-0.176525771,2.23299611,6.3,38.15,24.51,EK33019,487,22.8,954,0.467,1.23,6.79,306,0.951,12.1,0.211,28.7,0.382,39.4,0.294,0.919,5.37
s150,Polluted,AMT,OK,10.7,9.9,0.59,A,A3,P4,B1,AMT_smelter_s150,37.0702,0.474816699,1679.561728,0.472548241,937,0.372986369,3.723612335,0.393128024,4.029383778,2.709269961,3.012837225,4.869818208,1.499687083,1.424881637,1.521138084,2.7355989,4.40654018,1.012837225,1.419955748,1.633468456,2.824776462,1.31386722,0.173186268,0.113943352,0.198657087,0.161368002,2.536558443,-0.176525771,2.23299611,6.3,38.15,24.51,EK33020,130,20.7,255,0.171,0.451,4.3,248,2.2,11.3,0.215,36.5,0.464,23.2,0.357,0.143,0.703
s151,Polluted,AMT,OK,10.7,9.9,0.95,A,A1,P4,D1,AMT_smelter_s151,49.59508,0.64946037,2158.771186,0.616284633,1505,0.607600165,6.882644132,0.73439407,4.029383778,2.709269961,3.012837225,4.869818208,1.499687083,1.424881637,1.521138084,2.7355989,4.40654018,1.012837225,1.419955748,1.633468456,2.824776462,1.31386722,0.173186268,0.113943352,0.198657087,0.161368002,2.536558443,-0.176525771,2.23299611,6.3,38.15,24.51,EK33105,226,15,441,0.273,0.653,3.66,186,1.02,12.4,0.15,23.4,0.492,20.8,0.379,0.467,3.15
s156,Polluted,AMT,OK,10.7,9.9,0.5,A,A1,P4,B2,AMT_smelter_s156,51.26421,0.672734285,2312.218487,0.662310355,1614,0.652622883,8.179352116,0.874475726,4.029383778,2.709269961,3.012837225,4.869818208,1.499687083,1.424881637,1.521138084,2.7355989,4.40654018,1.012837225,1.419955748,1.633468456,2.824776462,1.31386722,0.173186268,0.113943352,0.198657087,0.161368002,2.536558443,-0.176525771,2.23299611,6.3,38.15,24.51,EK33111,153,12.9,322,0.195,0.667,6.34,236,0.946,9.55,0.174,26.1,0.756,28,0.581,0.233,3.74
s157,Polluted,AMT,OK,10.7,9.9,0.84,A,A2,P4,C2,AMT_smelter_s157,33.93927,0.431159825,1491.37415,0.416102353,921,0.36637753,4.395978843,0.465762893,4.029383778,2.709269961,3.012837225,4.869818208,1.499687083,1.424881637,1.521138084,2.7355989,4.40654018,1.012837225,1.419955748,1.633468456,2.824776462,1.31386722,0.173186268,0.113943352,0.198657087,0.161368002,2.536558443,-0.176525771,2.23299611,6.3,38.15,24.51,EK33112,92.4,8.08,176,0.149,0.35,3.66,129,1.34,12.3,0.193,26,0.646,14.5,0.497,0.199,4.7
s158,Polluted,AMT,OK,10.7,9.9,0.67,A,A2,P4,D2,AMT_smelter_s158,34.97108,0.445547115,1403.479532,0.389738818,884,0.351094589,4.280500668,0.453287937,4.029383778,2.709269961,3.012837225,4.869818208,1.499687083,1.424881637,1.521138084,2.7355989,4.40654018,1.012837225,1.419955748,1.633468456,2.824776462,1.31386722,0.173186268,0.113943352,0.198657087,0.161368002,2.536558443,-0.176525771,2.23299611,6.3,38.15,24.51,EK33113,154,25.5,300,0.176,0.479,4.26,172,1.07,11,0.16,26.4,0.691,20.2,0.532,0.221,1.93
s159,Control,AMT,NONE,9.8,10.8,NA,NA,NA,P4,E2,AMT_control_s159,33.16988,0.420431651,1249.346457,0.343507402,732,0.288310615,4.691780316,0.497717936,4.187520721,3.093421685,2.868056362,3.71432976,1.985426474,1.46834733,1.399673721,2.799340549,4.285557309,0.908485019,1.290034611,1.482873584,2.495544338,0.879669206,-0.212539525,-0.218244625,0.450249108,0.08278537,1.876794976,-0.721246399,1.996949248,5.86,30.58,14.23,NA,NA,NA,NA,NA,NA,NA,NA,NA,NA,NA,NA,NA,NA,NA,NA,NA
s160,Control,AMT,NONE,9.8,10.8,NA,NA,NA,P4,F2,AMT_control_s160,47.15701,0.615464556,1708.7,0.481288115,1190,0.477488641,6.297912329,0.671226263,4.187520721,3.093421685,2.868056362,3.71432976,1.985426474,1.46834733,1.399673721,2.799340549,4.285557309,0.908485019,1.290034611,1.482873584,2.495544338,0.879669206,-0.212539525,-0.218244625,0.450249108,0.08278537,1.876794976,-0.721246399,1.996949248,5.86,30.58,14.23,NA,NA,NA,NA,NA,NA,NA,NA,NA,NA,NA,NA,NA,NA,NA,NA,NA
s161,Control,AMT,NONE,9.8,10.8,NA,NA,NA,P4,G2,AMT_control_s161,51.45341,0.675372441,1808.415686,0.511197318,1414,0.570012392,8.015281477,0.85675139,4.187520721,3.093421685,2.868056362,3.71432976,1.985426474,1.46834733,1.399673721,2.799340549,4.285557309,0.908485019,1.290034611,1.482873584,2.495544338,0.879669206,-0.212539525,-0.218244625,0.450249108,0.08278537,1.876794976,-0.721246399,1.996949248,5.86,30.58,14.23,NA,NA,NA,NA,NA,NA,NA,NA,NA,NA,NA,NA,NA,NA,NA,NA,NA
s162,Control,AMT,NONE,9.8,10.8,NA,NA,NA,P4,A3,AMT_control_s162,12.34466,0.130050196,448.1034483,0.103178717,206,0.071045023,2.400730102,0.250218798,4.187520721,3.093421685,2.868056362,3.71432976,1.985426474,1.46834733,1.399673721,2.799340549,4.285557309,0.908485019,1.290034611,1.482873584,2.495544338,0.879669206,-0.212539525,-0.218244625,0.450249108,0.08278537,1.876794976,-0.721246399,1.996949248,5.86,30.58,14.23,NA,NA,NA,NA,NA,NA,NA,NA,NA,NA,NA,NA,NA,NA,NA,NA,NA
s163,Control,AMT,NONE,9.8,10.8,NA,NA,NA,P4,B3,AMT_control_s163,12.73064,0.135432201,507,0.120844433,248,0.088393226,3.705766865,0.391200201,4.187520721,3.093421685,2.868056362,3.71432976,1.985426474,1.46834733,1.399673721,2.799340549,4.285557309,0.908485019,1.290034611,1.482873584,2.495544338,0.879669206,-0.212539525,-0.218244625,0.450249108,0.08278537,1.876794976,-0.721246399,1.996949248,5.86,30.58,14.23,NA,NA,NA,NA,NA,NA,NA,NA,NA,NA,NA,NA,NA,NA,NA,NA,NA
s165,Control,AMT,NONE,9.8,10.8,NA,NA,NA,P4,D3,AMT_control_s165,29.47306,0.368884154,1012.36036,0.272424651,611,0.238331268,4.346419189,0.460409028,4.187520721,3.093421685,2.868056362,3.71432976,1.985426474,1.46834733,1.399673721,2.799340549,4.285557309,0.908485019,1.290034611,1.482873584,2.495544338,0.879669206,-0.212539525,-0.218244625,0.450249108,0.08278537,1.876794976,-0.721246399,1.996949248,5.86,30.58,14.23,NA,NA,NA,NA,NA,NA,NA,NA,NA,NA,NA,NA,NA,NA,NA,NA,NA
s167,Control,AMT,NONE,9.8,10.8,NA,NA,NA,P4,F3,AMT_control_s167,23.53266,0.28605276,917.1315789,0.243861272,501,0.192895498,4.254381624,0.450466332,4.187520721,3.093421685,2.868056362,3.71432976,1.985426474,1.46834733,1.399673721,2.799340549,4.285557309,0.908485019,1.290034611,1.482873584,2.495544338,0.879669206,-0.212539525,-0.218244625,0.450249108,0.08278537,1.876794976,-0.721246399,1.996949248,5.86,30.58,14.23,NA,NA,NA,NA,NA,NA,NA,NA,NA,NA,NA,NA,NA,NA,NA,NA,NA
s168,Control,AMT,OK,9.8,10.8,0.54,B,B1,P4,B4,AMT_control_s168,35.04866,0.446628871,1426.496689,0.396642695,841,0.333333333,3.085930975,0.324240146,4.187520721,3.093421685,2.868056362,3.71432976,1.985426474,1.46834733,1.399673721,2.799340549,4.285557309,0.908485019,1.290034611,1.482873584,2.495544338,0.879669206,-0.212539525,-0.218244625,0.450249108,0.08278537,1.876794976,-0.721246399,1.996949248,5.86,30.58,14.23,EK33115,731,42.4,1060,0.643,1.34,6.98,151,0.239,2.87,0.171,8.72,0.707,9.43,0.543,1.27,0.677
s170,Control,AMT,NONE,9.8,10.8,NA,NA,NA,P4,D4,AMT_control_s170,44.28313,0.57539192,1673.419355,0.470705868,1137,0.455596861,6.445480903,0.687167901,4.187520721,3.093421685,2.868056362,3.71432976,1.985426474,1.46834733,1.399673721,2.799340549,4.285557309,0.908485019,1.290034611,1.482873584,2.495544338,0.879669206,-0.212539525,-0.218244625,0.450249108,0.08278537,1.876794976,-0.721246399,1.996949248,5.86,30.58,14.23,NA,NA,NA,NA,NA,NA,NA,NA,NA,NA,NA,NA,NA,NA,NA,NA,NA
s171,Control,SHP,OK,14.4,12.6,1.26,B,B1,P4,A5,SHP_control_s171,41.61756,0.538223905,1852.708738,0.524482789,1338,0.538620405,7.766926468,0.829921926,4.11058971,2.996511672,2.759667845,3.536558443,1.72916479,1.542825427,1.359835482,2.658011397,4.423245874,0.873901598,1.214843848,1.26245109,2.505149978,1.574031268,-0.3400838,-0.152427341,0.311753861,-0.048662481,2.482873584,-1.180456064,2.209515015,5.38,28.62,11.7,EK33116,713,81.9,1190,0.909,1.44,4.15,98.1,0.303,1.69,0.188,1.34,0.625,10.2,0.481,1.25,2.02
s173,Control,SHP,OK,14.4,12.6,0.97,B,B1,P4,G5,SHP_control_s173,47.90046,0.625831029,1910.936073,0.541947776,1375,0.553903346,6.796441879,0.725081754,4.11058971,2.996511672,2.759667845,3.536558443,1.72916479,1.542825427,1.359835482,2.658011397,4.423245874,0.873901598,1.214843848,1.26245109,2.505149978,1.574031268,-0.3400838,-0.152427341,0.311753861,-0.048662481,2.482873584,-1.180456064,2.209515015,5.38,28.62,11.7,EK33205,823,40.7,1070,0.526,1.07,3.7,92.5,0.169,1.94,0.223,1.22,0.5,7.41,0.385,1.63,1.77
s174,Control,SHP,OK,14.4,12.6,0.7,B,B1,P4,A6,SHP_control_s174,47.43399,0.619326693,2021.495868,0.575109613,1506,0.608013218,7.886542615,0.842843901,4.11058971,2.996511672,2.759667845,3.536558443,1.72916479,1.542825427,1.359835482,2.658011397,4.423245874,0.873901598,1.214843848,1.26245109,2.505149978,1.574031268,-0.3400838,-0.152427341,0.311753861,-0.048662481,2.482873584,-1.180456064,2.209515015,5.38,28.62,11.7,EK33207,593,39.6,763,0.558,0.8,3.35,115,0.36,1.3,0.198,2.2,0.516,5.62,0.397,1.2,1.27
s175,Control,SHP,OK,14.4,12.6,0.58,B,B1,P4,H6,SHP_control_s175,41.01016,0.529754477,1525.351351,0.426293639,1094,0.437835605,6.844859498,0.730312245,4.11058971,2.996511672,2.759667845,3.536558443,1.72916479,1.542825427,1.359835482,2.658011397,4.423245874,0.873901598,1.214843848,1.26245109,2.505149978,1.574031268,-0.3400838,-0.152427341,0.311753861,-0.048662481,2.482873584,-1.180456064,2.209515015,5.38,28.62,11.7,EK33214,607,23.1,609,0.36,0.775,4.06,75.5,0.189,1.46,0.185,1.54,0.551,4.32,0.424,0.725,0.851
s176,Polluted,DGC,NONE,12.5,13.5,NA,A,NA,P4,A7,DGC_polluted_s176,39.52178,0.509000893,1187.923664,0.325083954,1022,0.408095828,7.978246989,0.852750603,4.181843588,2.456366033,3.204119983,3.530199698,1.612783857,1.58546073,1.250420002,2.784617293,4.900913068,1.369215857,1.372912003,3.416640507,2.421603927,3.795880017,0.408239965,0.079181246,-0.66756154,1.117271296,1.648360011,-0.127261173,2.305351369,5.3,45.41,29.69,NA,NA,NA,NA,NA,NA,NA,NA,NA,NA,NA,NA,NA,NA,NA,NA,NA
s177,Polluted,DGC,NONE,12.5,13.5,NA,A,NA,P4,B7,DGC_polluted_s177,29.26895,0.366038097,1001.028037,0.26902558,782,0.308963238,5.70236565,0.606890139,4.181843588,2.456366033,3.204119983,3.530199698,1.612783857,1.58546073,1.250420002,2.784617293,4.900913068,1.369215857,1.372912003,3.416640507,2.421603927,3.795880017,0.408239965,0.079181246,-0.66756154,1.117271296,1.648360011,-0.127261173,2.305351369,5.3,45.41,29.69,NA,NA,NA,NA,NA,NA,NA,NA,NA,NA,NA,NA,NA,NA,NA,NA,NA
s178,Control,DGC,wrong sp.,19.5,12.7,NA,NA,NA,P4,C7,DGC_control_s178,62.06789,0.823377991,2749.35,0.793425685,1893,0.767864519,7.832039753,0.836956028,4.334453751,3.06069784,2.878521796,3.227886705,1.579783597,1.596597096,1.505149978,2.754348336,4.675778342,1.204119983,1.383815366,2.004321374,2.103803721,2.506505032,0.29666519,0.041392685,-0.764471553,0.149219113,1.656098202,-1.173925197,1.847572659,5.49,36.13,17.2,NA,NA,NA,NA,NA,NA,NA,NA,NA,NA,NA,NA,NA,NA,NA,NA,NA
s179,Polluted,PTB,NONE,11.5,12.6,NA,A,NA,P4,F7,PTB_polluted_s179,48.66817,0.636535778,2080.50996,0.592810584,1505,0.607600165,7.243063302,0.773329678,3.994756945,3.096910013,3.164352856,4.948412966,2.385606274,2.123851641,2.068185862,3.551449998,4.536558443,0.672097858,1.23299611,1.499687083,2.582063363,1.176091259,0.06069784,0.212187604,-0.109578981,0.120573931,2.463892989,-0.173925197,2.093421685,5.97,25.57,15.13,NA,NA,NA,NA,NA,NA,NA,NA,NA,NA,NA,NA,NA,NA,NA,NA,NA
s180,Polluted,PTB,NONE,11.5,12.6,NA,A,NA,P4,G7,PTB_polluted_s180,47.12697,0.615045686,1552.449102,0.434421468,1357,0.546468401,7.094335579,0.757262818,3.994756945,3.096910013,3.164352856,4.948412966,2.385606274,2.123851641,2.068185862,3.551449998,4.536558443,0.672097858,1.23299611,1.499687083,2.582063363,1.176091259,0.06069784,0.212187604,-0.109578981,0.120573931,2.463892989,-0.173925197,2.093421685,5.97,25.57,15.13,NA,NA,NA,NA,NA,NA,NA,NA,NA,NA,NA,NA,NA,NA,NA,NA,NA
s185,Polluted,AMT,NONE,10.1,14.4,NA,NA,NA,P4,A11,AMT_polluted_s185,47.3593,0.618285235,1805.081081,0.51019712,1194,0.479140851,7.119670393,0.759999704,4.033423755,3.178976947,3.530199698,4.605305046,1.534026106,1.496929648,1.350248018,2.954242509,4.418301291,1.096910013,1.408239965,2.238046103,3.706717782,1.583198774,0.7084209,0.344392274,1.73479983,1.096910013,2.596597096,0.029383778,3.222716471,6.5,25.46,7.94,NA,NA,NA,NA,NA,NA,NA,NA,NA,NA,NA,NA,NA,NA,NA,NA,NA
s186,Polluted,AMT,NONE,10.1,14.4,NA,NA,NA,P4,B11,AMT_polluted_s186,38.81002,0.499076297,1332.070866,0.368320159,809,0.320115655,4.977918805,0.5286291,4.033423755,3.178976947,3.530199698,4.605305046,1.534026106,1.496929648,1.350248018,2.954242509,4.418301291,1.096910013,1.408239965,2.238046103,3.706717782,1.583198774,0.7084209,0.344392274,1.73479983,1.096910013,2.596597096,0.029383778,3.222716471,6.5,25.46,7.94,NA,NA,NA,NA,NA,NA,NA,NA,NA,NA,NA,NA,NA,NA,NA,NA,NA
s187,Polluted,AMT,OK,10.1,14.4,0.62,A,A1,P4,C11,AMT_polluted_s187,47.40572,0.618932504,1927.671429,0.546967459,1336,0.5377943,6.149817375,0.65522776,4.033423755,3.178976947,3.530199698,4.605305046,1.534026106,1.496929648,1.350248018,2.954242509,4.418301291,1.096910013,1.408239965,2.238046103,3.706717782,1.583198774,0.7084209,0.344392274,1.73479983,1.096910013,2.596597096,0.029383778,3.222716471,6.5,25.46,7.94,EK33218,283,11.5,410,0.264,0.524,2.54,56.1,0.218,8.53,0.156,1.3,0.644,1.74,0.495,0.399,0.537
s189,Polluted,AMT,OK,10.1,14.4,0.68,A,A3,P4,E11,AMT_polluted_s189,33.34528,0.422877383,1366.131579,0.378536494,751,0.296158612,3.837682861,0.405450913,4.033423755,3.178976947,3.530199698,4.605305046,1.534026106,1.496929648,1.350248018,2.954242509,4.418301291,1.096910013,1.408239965,2.238046103,3.706717782,1.583198774,0.7084209,0.344392274,1.73479983,1.096910013,2.596597096,0.029383778,3.222716471,6.5,25.46,7.94,EK33220,360,14.9,559,0.718,0.765,3.54,183,0.645,9.41,0.213,9.05,0.533,5.16,0.41,0.842,2.88
s191,Polluted,AMT,OK,10.1,14.4,0.61,A,A3,P4,G11,AMT_polluted_s191,47.06375,0.614164163,1887.412322,0.534891949,1218,0.48905411,6.330461906,0.674742551,4.033423755,3.178976947,3.530199698,4.605305046,1.534026106,1.496929648,1.350248018,2.954242509,4.418301291,1.096910013,1.408239965,2.238046103,3.706717782,1.583198774,0.7084209,0.344392274,1.73479983,1.096910013,2.596597096,0.029383778,3.222716471,6.5,25.46,7.94,EK33305,170,13.5,242,0.306,0.38,2.66,62,0.274,7.98,0.127,3.18,0.551,0.972,0.424,0.381,0.442
s192,Polluted,AMT,OK,10.1,14.4,0.57,A,A2,P4,A12,AMT_polluted_s192,50.31018,0.659431539,1787.85214,0.505029389,1359,0.547294506,6.780770697,0.723388816,4.033423755,3.178976947,3.530199698,4.605305046,1.534026106,1.496929648,1.350248018,2.954242509,4.418301291,1.096910013,1.408239965,2.238046103,3.706717782,1.583198774,0.7084209,0.344392274,1.73479983,1.096910013,2.596597096,0.029383778,3.222716471,6.5,25.46,7.94,EK33307,171,14.6,257,0.459,0.443,3.43,91.5,0.524,7.67,0.132,7.16,0.57,2.28,0.439,0.322,0.983
s193,Polluted,AMT,OK,10.1,14.4,0.42,A,A1,P4,C12,AMT_polluted_s193,50.3984,0.660661656,1908.181102,0.541121437,1350,0.543577034,5.983262894,0.637235099,4.033423755,3.178976947,3.530199698,4.605305046,1.534026106,1.496929648,1.350248018,2.954242509,4.418301291,1.096910013,1.408239965,2.238046103,3.706717782,1.583198774,0.7084209,0.344392274,1.73479983,1.096910013,2.596597096,0.029383778,3.222716471,6.5,25.46,7.94,EK33309,278,16.8,376,0.253,0.61,3.94,41.1,0.41,10,0.107,1.28,0.464,1.66,0.357,0.573,1.3
